kotlin version: 2.4.10
error message: java.lang.RuntimeException: Exception while generating code for:
FUN name:placePadsOnDeck visibility:public modality:FINAL returnType:kotlin.Unit
  VALUE_PARAMETER kind:DispatchReceiver name:<this> index:0 type:com.hereliesaz.sirmatchalot.ui.SirMatchALotViewModel
  VALUE_PARAMETER kind:Regular name:deck index:1 type:com.hereliesaz.sirmatchalot.ui.platter.PlatterGeometry.Deck
  BLOCK_BODY
    VAR name:loaded type:kotlin.collections.List<com.hereliesaz.sirmatchalot.audio.SamplerPad> [val]
      CALL 'public final fun filter <T> (<this>: kotlin.collections.Iterable<T of kotlin.collections.CollectionsKt.filter>, predicate: kotlin.Function1<T of kotlin.collections.CollectionsKt.filter, kotlin.Boolean>): kotlin.collections.List<T of kotlin.collections.CollectionsKt.filter> [inline] declared in kotlin.collections.CollectionsKt' type=kotlin.collections.List<com.hereliesaz.sirmatchalot.audio.SamplerPad> origin=null
        TYPE_ARG T: com.hereliesaz.sirmatchalot.audio.SamplerPad
        ARG <this>: CALL 'public final fun <get-pads> (): kotlin.collections.List<com.hereliesaz.sirmatchalot.audio.SamplerPad> declared in com.hereliesaz.sirmatchalot.audio.Sampler' type=kotlin.collections.List<com.hereliesaz.sirmatchalot.audio.SamplerPad> origin=GET_PROPERTY
          ARG <this>: CALL 'public final fun <get-sampler> (): com.hereliesaz.sirmatchalot.audio.Sampler declared in com.hereliesaz.sirmatchalot.audio.AudioEngine' type=com.hereliesaz.sirmatchalot.audio.Sampler origin=GET_PROPERTY
            ARG <this>: CALL 'public final fun <get-audioEngine> (): com.hereliesaz.sirmatchalot.audio.AudioEngine declared in com.hereliesaz.sirmatchalot.ui.SirMatchALotViewModel' type=com.hereliesaz.sirmatchalot.audio.AudioEngine origin=GET_PROPERTY
              ARG <this>: GET_VAR '<this>: com.hereliesaz.sirmatchalot.ui.SirMatchALotViewModel declared in com.hereliesaz.sirmatchalot.ui.SirMatchALotViewModel.placePadsOnDeck' type=com.hereliesaz.sirmatchalot.ui.SirMatchALotViewModel origin=IMPLICIT_ARGUMENT
        ARG predicate: RICH_FUNCTION_REFERENCE type=kotlin.Function1<com.hereliesaz.sirmatchalot.audio.SamplerPad, kotlin.Boolean> origin=INLINE_LAMBDA reflectionTarget='null'
          overriddenFunctionSymbol: public abstract fun invoke (p1: P1 of kotlin.Function1): R of kotlin.Function1 [operator] declared in kotlin.Function1
          invoke: FUN INLINE_LAMBDA name:placePadsOnDeck$lambda$0 visibility:private modality:FINAL returnType:kotlin.Boolean
            VALUE_PARAMETER kind:Regular name:it index:0 type:com.hereliesaz.sirmatchalot.audio.SamplerPad
            BLOCK_BODY
              VAR name:$i$a$-filter-SirMatchALotViewModel$placePadsOnDeck$loaded$1 type:kotlin.Int [val]
                CONST Int type=kotlin.Int value=0
              RETURN type=kotlin.Nothing from='private final fun placePadsOnDeck$lambda$0 (it: com.hereliesaz.sirmatchalot.audio.SamplerPad): kotlin.Boolean declared in com.hereliesaz.sirmatchalot.ui.SirMatchALotViewModel.placePadsOnDeck'
                CALL 'public final fun not (): kotlin.Boolean [operator] declared in kotlin.Boolean' type=kotlin.Boolean origin=null
                  ARG <this>: CALL 'public final fun <get-isEmpty> (): kotlin.Boolean declared in com.hereliesaz.sirmatchalot.audio.SamplerPad' type=kotlin.Boolean origin=GET_PROPERTY
                    ARG <this>: GET_VAR 'it: com.hereliesaz.sirmatchalot.audio.SamplerPad declared in com.hereliesaz.sirmatchalot.ui.SirMatchALotViewModel.placePadsOnDeck.placePadsOnDeck$lambda$0' type=com.hereliesaz.sirmatchalot.audio.SamplerPad origin=null
    WHEN type=kotlin.Unit origin=IF
      BRANCH
        if: CALL 'public abstract fun isEmpty (): kotlin.Boolean declared in kotlin.collections.List' type=kotlin.Boolean origin=null
          ARG <this>: GET_VAR 'val loaded: kotlin.collections.List<com.hereliesaz.sirmatchalot.audio.SamplerPad> [val] declared in com.hereliesaz.sirmatchalot.ui.SirMatchALotViewModel.placePadsOnDeck' type=kotlin.collections.List<com.hereliesaz.sirmatchalot.audio.SamplerPad> origin=null
        then: BLOCK type=kotlin.Unit origin=null
          CALL 'public abstract fun <set-value> (<set-?>: T of kotlinx.coroutines.flow.MutableStateFlow): kotlin.Unit declared in kotlinx.coroutines.flow.MutableStateFlow' type=kotlin.Unit origin=EQ
            ARG <this>: GET_FIELD 'FIELD PROPERTY_BACKING_FIELD name:_feedbackMsg type:kotlinx.coroutines.flow.MutableStateFlow<kotlin.String> visibility:private [final]' type=kotlinx.coroutines.flow.MutableStateFlow<kotlin.String> origin=null
              receiver: GET_VAR '<this>: com.hereliesaz.sirmatchalot.ui.SirMatchALotViewModel declared in com.hereliesaz.sirmatchalot.ui.SirMatchALotViewModel.placePadsOnDeck' type=com.hereliesaz.sirmatchalot.ui.SirMatchALotViewModel origin=IMPLICIT_ARGUMENT
            ARG <set-?>: CONST String type=kotlin.String value="No pads loaded to place"
          RETURN type=kotlin.Nothing from='public final fun placePadsOnDeck (deck: com.hereliesaz.sirmatchalot.ui.platter.PlatterGeometry.Deck): kotlin.Unit declared in com.hereliesaz.sirmatchalot.ui.SirMatchALotViewModel'
            GET_FIELD 'FIELD FIELD_FOR_OBJECT_INSTANCE name:INSTANCE type:kotlin.Unit visibility:public [final,static] declared in kotlin.Unit' type=kotlin.Unit origin=null
    VAR name:engineDeck type:com.hereliesaz.sirmatchalot.audio.Deck [val]
      WHEN type=com.hereliesaz.sirmatchalot.audio.Deck origin=IF
        BRANCH
          if: CALL 'public final fun EQEQ (arg0: kotlin.Any?, arg1: kotlin.Any?): kotlin.Boolean declared in kotlin.internal.ir' type=kotlin.Boolean origin=EQEQ
            ARG arg0: GET_VAR 'deck: com.hereliesaz.sirmatchalot.ui.platter.PlatterGeometry.Deck declared in com.hereliesaz.sirmatchalot.ui.SirMatchALotViewModel.placePadsOnDeck' type=com.hereliesaz.sirmatchalot.ui.platter.PlatterGeometry.Deck origin=null
            ARG arg1: GET_FIELD 'FIELD FIELD_FOR_ENUM_ENTRY name:A type:com.hereliesaz.sirmatchalot.ui.platter.PlatterGeometry.Deck visibility:public [final,static] declared in com.hereliesaz.sirmatchalot.ui.platter.PlatterGeometry.Deck' type=com.hereliesaz.sirmatchalot.ui.platter.PlatterGeometry.Deck origin=null
          then: CALL 'public final fun <get-deckA> (): com.hereliesaz.sirmatchalot.audio.Deck declared in com.hereliesaz.sirmatchalot.audio.AudioEngine' type=com.hereliesaz.sirmatchalot.audio.Deck origin=GET_PROPERTY
            ARG <this>: CALL 'public final fun <get-audioEngine> (): com.hereliesaz.sirmatchalot.audio.AudioEngine declared in com.hereliesaz.sirmatchalot.ui.SirMatchALotViewModel' type=com.hereliesaz.sirmatchalot.audio.AudioEngine origin=GET_PROPERTY
              ARG <this>: GET_VAR '<this>: com.hereliesaz.sirmatchalot.ui.SirMatchALotViewModel declared in com.hereliesaz.sirmatchalot.ui.SirMatchALotViewModel.placePadsOnDeck' type=com.hereliesaz.sirmatchalot.ui.SirMatchALotViewModel origin=IMPLICIT_ARGUMENT
        BRANCH
          if: CONST Boolean type=kotlin.Boolean value=true
          then: CALL 'public final fun <get-deckB> (): com.hereliesaz.sirmatchalot.audio.Deck declared in com.hereliesaz.sirmatchalot.audio.AudioEngine' type=com.hereliesaz.sirmatchalot.audio.Deck origin=GET_PROPERTY
            ARG <this>: CALL 'public final fun <get-audioEngine> (): com.hereliesaz.sirmatchalot.audio.AudioEngine declared in com.hereliesaz.sirmatchalot.ui.SirMatchALotViewModel' type=com.hereliesaz.sirmatchalot.audio.AudioEngine origin=GET_PROPERTY
              ARG <this>: GET_VAR '<this>: com.hereliesaz.sirmatchalot.ui.SirMatchALotViewModel declared in com.hereliesaz.sirmatchalot.ui.SirMatchALotViewModel.placePadsOnDeck' type=com.hereliesaz.sirmatchalot.ui.SirMatchALotViewModel origin=IMPLICIT_ARGUMENT
    COMPOSITE type=kotlin.Unit origin=null
      CALL 'public final fun launch$default (<this>: kotlinx.coroutines.CoroutineScope, context: kotlin.coroutines.CoroutineContext?, start: kotlinx.coroutines.CoroutineStart?, block: @[ExtensionFunctionType] kotlin.coroutines.SuspendFunction1<kotlinx.coroutines.CoroutineScope, kotlin.Unit>, $mask0: kotlin.Int, $handler: kotlin.Any?): kotlinx.coroutines.Job declared in kotlinx.coroutines.BuildersKt' type=kotlinx.coroutines.Job origin=DEFAULT_DISPATCH_CALL
        ARG <this>: CALL 'public final fun <get-viewModelScope> (<this>: androidx.lifecycle.ViewModel): kotlinx.coroutines.CoroutineScope declared in androidx.lifecycle.ViewModelKt' type=kotlinx.coroutines.CoroutineScope origin=GET_PROPERTY
          ARG <this>: GET_VAR '<this>: com.hereliesaz.sirmatchalot.ui.SirMatchALotViewModel declared in com.hereliesaz.sirmatchalot.ui.SirMatchALotViewModel.placePadsOnDeck' type=com.hereliesaz.sirmatchalot.ui.SirMatchALotViewModel origin=IMPLICIT_ARGUMENT
        ARG context: CALL 'public final fun <get-Default> (): kotlinx.coroutines.CoroutineDispatcher declared in kotlinx.coroutines.Dispatchers' type=kotlinx.coroutines.CoroutineDispatcher origin=GET_PROPERTY
        ARG start: COMPOSITE type=kotlinx.coroutines.CoroutineStart? origin=DEFAULT_VALUE
          CONST Null type=kotlinx.coroutines.CoroutineStart? value=null
        ARG block: BLOCK type=com.hereliesaz.sirmatchalot.ui.SirMatchALotViewModel.placePadsOnDeck.<no name provided> origin=null
          CLASS SUSPEND_LAMBDA CLASS name:<no name provided> modality:FINAL visibility:public/*package*/ superTypes:[kotlin.coroutines.jvm.internal.SuspendLambda; kotlin.jvm.functions.Function2<kotlinx.coroutines.CoroutineScope, kotlin.coroutines.Continuation<kotlin.Unit>?, kotlin.Any?>]
            thisReceiver: VALUE_PARAMETER INSTANCE_RECEIVER kind:DispatchReceiver name:<this> type:com.hereliesaz.sirmatchalot.ui.SirMatchALotViewModel.placePadsOnDeck.<no name provided>
            FIELD name:label type:kotlin.Int visibility:public/*package*/
            CONSTRUCTOR SUSPEND_LAMBDA visibility:public/*package*/ returnType:com.hereliesaz.sirmatchalot.ui.SirMatchALotViewModel.placePadsOnDeck.<no name provided> [primary]
              VALUE_PARAMETER BOUND_RECEIVER_PARAMETER kind:Regular name:this$0 index:0 type:com.hereliesaz.sirmatchalot.ui.SirMatchALotViewModel
              VALUE_PARAMETER BOUND_VALUE_PARAMETER kind:Regular name:$deck index:1 type:com.hereliesaz.sirmatchalot.ui.platter.PlatterGeometry.Deck
              VALUE_PARAMETER BOUND_VALUE_PARAMETER kind:Regular name:$engineDeck index:2 type:com.hereliesaz.sirmatchalot.audio.Deck
              VALUE_PARAMETER BOUND_VALUE_PARAMETER kind:Regular name:$loaded index:3 type:kotlin.collections.List<com.hereliesaz.sirmatchalot.audio.SamplerPad>
              VALUE_PARAMETER kind:Regular name:$completion index:4 type:kotlin.coroutines.Continuation<com.hereliesaz.sirmatchalot.ui.SirMatchALotViewModel.placePadsOnDeck.<no name provided>>?
              BLOCK_BODY
                SET_FIELD 'FIELD FIELD_FOR_CAPTURED_VALUE name:this$0 type:com.hereliesaz.sirmatchalot.ui.SirMatchALotViewModel visibility:public/*package*/ [final] declared in com.hereliesaz.sirmatchalot.ui.SirMatchALotViewModel.placePadsOnDeck.<no name provided>' type=kotlin.Unit origin=INITIALIZER_OF_FIELD_FOR_CAPTURED_VALUE
                  receiver: GET_VAR '<this>: com.hereliesaz.sirmatchalot.ui.SirMatchALotViewModel.placePadsOnDeck.<no name provided> declared in com.hereliesaz.sirmatchalot.ui.SirMatchALotViewModel.placePadsOnDeck.<no name provided>' type=com.hereliesaz.sirmatchalot.ui.SirMatchALotViewModel.placePadsOnDeck.<no name provided> origin=null
                  value: GET_VAR 'this$0: com.hereliesaz.sirmatchalot.ui.SirMatchALotViewModel declared in com.hereliesaz.sirmatchalot.ui.SirMatchALotViewModel.placePadsOnDeck.<no name provided>.<init>' type=com.hereliesaz.sirmatchalot.ui.SirMatchALotViewModel origin=null
                SET_FIELD 'FIELD FIELD_FOR_CAPTURED_VALUE name:$deck type:com.hereliesaz.sirmatchalot.ui.platter.PlatterGeometry.Deck visibility:public/*package*/ [final] declared in com.hereliesaz.sirmatchalot.ui.SirMatchALotViewModel.placePadsOnDeck.<no name provided>' type=kotlin.Unit origin=INITIALIZER_OF_FIELD_FOR_CAPTURED_VALUE
                  receiver: GET_VAR '<this>: com.hereliesaz.sirmatchalot.ui.SirMatchALotViewModel.placePadsOnDeck.<no name provided> declared in com.hereliesaz.sirmatchalot.ui.SirMatchALotViewModel.placePadsOnDeck.<no name provided>' type=com.hereliesaz.sirmatchalot.ui.SirMatchALotViewModel.placePadsOnDeck.<no name provided> origin=null
                  value: GET_VAR '$deck: com.hereliesaz.sirmatchalot.ui.platter.PlatterGeometry.Deck declared in com.hereliesaz.sirmatchalot.ui.SirMatchALotViewModel.placePadsOnDeck.<no name provided>.<init>' type=com.hereliesaz.sirmatchalot.ui.platter.PlatterGeometry.Deck origin=null
                SET_FIELD 'FIELD FIELD_FOR_CAPTURED_VALUE name:$engineDeck type:com.hereliesaz.sirmatchalot.audio.Deck visibility:public/*package*/ [final] declared in com.hereliesaz.sirmatchalot.ui.SirMatchALotViewModel.placePadsOnDeck.<no name provided>' type=kotlin.Unit origin=INITIALIZER_OF_FIELD_FOR_CAPTURED_VALUE
                  receiver: GET_VAR '<this>: com.hereliesaz.sirmatchalot.ui.SirMatchALotViewModel.placePadsOnDeck.<no name provided> declared in com.hereliesaz.sirmatchalot.ui.SirMatchALotViewModel.placePadsOnDeck.<no name provided>' type=com.hereliesaz.sirmatchalot.ui.SirMatchALotViewModel.placePadsOnDeck.<no name provided> origin=null
                  value: GET_VAR '$engineDeck: com.hereliesaz.sirmatchalot.audio.Deck declared in com.hereliesaz.sirmatchalot.ui.SirMatchALotViewModel.placePadsOnDeck.<no name provided>.<init>' type=com.hereliesaz.sirmatchalot.audio.Deck origin=null
                SET_FIELD 'FIELD FIELD_FOR_CAPTURED_VALUE name:$loaded type:kotlin.collections.List<com.hereliesaz.sirmatchalot.audio.SamplerPad> visibility:public/*package*/ [final] declared in com.hereliesaz.sirmatchalot.ui.SirMatchALotViewModel.placePadsOnDeck.<no name provided>' type=kotlin.Unit origin=INITIALIZER_OF_FIELD_FOR_CAPTURED_VALUE
                  receiver: GET_VAR '<this>: com.hereliesaz.sirmatchalot.ui.SirMatchALotViewModel.placePadsOnDeck.<no name provided> declared in com.hereliesaz.sirmatchalot.ui.SirMatchALotViewModel.placePadsOnDeck.<no name provided>' type=com.hereliesaz.sirmatchalot.ui.SirMatchALotViewModel.placePadsOnDeck.<no name provided> origin=null
                  value: GET_VAR '$loaded: kotlin.collections.List<com.hereliesaz.sirmatchalot.audio.SamplerPad> declared in com.hereliesaz.sirmatchalot.ui.SirMatchALotViewModel.placePadsOnDeck.<no name provided>.<init>' type=kotlin.collections.List<com.hereliesaz.sirmatchalot.audio.SamplerPad> origin=null
                DELEGATING_CONSTRUCTOR_CALL 'public constructor <init> (arity: kotlin.Int, $completion: kotlin.coroutines.Continuation<kotlin.Any?>?) declared in kotlin.coroutines.jvm.internal.SuspendLambda'
                  ARG arity: CONST Int type=kotlin.Int value=2
                  ARG $completion: GET_VAR '$completion: kotlin.coroutines.Continuation<com.hereliesaz.sirmatchalot.ui.SirMatchALotViewModel.placePadsOnDeck.<no name provided>>? declared in com.hereliesaz.sirmatchalot.ui.SirMatchALotViewModel.placePadsOnDeck.<no name provided>.<init>' type=kotlin.coroutines.Continuation<com.hereliesaz.sirmatchalot.ui.SirMatchALotViewModel.placePadsOnDeck.<no name provided>>? origin=null
                BLOCK type=kotlin.Unit origin=null
            FUN name:invokeSuspend visibility:public modality:FINAL returnType:kotlin.Any?
              VALUE_PARAMETER INSTANCE_RECEIVER kind:DispatchReceiver name:<this> index:0 type:com.hereliesaz.sirmatchalot.ui.SirMatchALotViewModel.placePadsOnDeck.<no name provided>
              VALUE_PARAMETER kind:Regular name:$result index:1 type:kotlin.Result<kotlin.Any?>
              overridden:
                protected abstract fun invokeSuspend ($result: kotlin.Result<kotlin.Any?>): kotlin.Any? declared in kotlin.coroutines.jvm.internal.SuspendLambda
              BLOCK_BODY
                TYPE_OP type=kotlin.Unit origin=IMPLICIT_CAST typeOperand=kotlin.Unit
                  CALL 'public final fun track$default <T> ($this: com.hereliesaz.sirmatchalot.ui.BackgroundWork, id: kotlin.String, label: kotlin.String, detail: kotlin.String?, block: kotlin.coroutines.SuspendFunction1<com.hereliesaz.sirmatchalot.ui.BackgroundWork.Handle, T of com.hereliesaz.sirmatchalot.ui.BackgroundWork.track$default>, $completion: kotlin.coroutines.Continuation<T of com.hereliesaz.sirmatchalot.ui.BackgroundWork.track$default>, $mask0: kotlin.Int, $handler: kotlin.Any?): kotlin.Any? [inline,suspend] declared in com.hereliesaz.sirmatchalot.ui.BackgroundWork' type=T of com.hereliesaz.sirmatchalot.ui.BackgroundWork.track$default origin=DEFAULT_DISPATCH_CALL
                    TYPE_ARG T: kotlin.Unit
                    ARG $this: CALL 'public final fun access$getWork$p ($this: com.hereliesaz.sirmatchalot.ui.SirMatchALotViewModel): com.hereliesaz.sirmatchalot.ui.BackgroundWork declared in com.hereliesaz.sirmatchalot.ui.SirMatchALotViewModel' type=com.hereliesaz.sirmatchalot.ui.BackgroundWork origin=null
                      ARG $this: GET_FIELD 'FIELD FIELD_FOR_CAPTURED_VALUE name:this$0 type:com.hereliesaz.sirmatchalot.ui.SirMatchALotViewModel visibility:public/*package*/ [final] declared in com.hereliesaz.sirmatchalot.ui.SirMatchALotViewModel.placePadsOnDeck.<no name provided>' type=com.hereliesaz.sirmatchalot.ui.SirMatchALotViewModel origin=null
                        receiver: GET_VAR '<this>: com.hereliesaz.sirmatchalot.ui.SirMatchALotViewModel.placePadsOnDeck.<no name provided> declared in com.hereliesaz.sirmatchalot.ui.SirMatchALotViewModel.placePadsOnDeck.<no name provided>.invokeSuspend' type=com.hereliesaz.sirmatchalot.ui.SirMatchALotViewModel.placePadsOnDeck.<no name provided> origin=null
                    ARG id: CONST String type=kotlin.String value="pads"
                    ARG label: STRING_CONCATENATION type=kotlin.String
                      CONST String type=kotlin.String value="Placing loops on Deck "
                      CALL 'public final fun access$deckLabel ($this: com.hereliesaz.sirmatchalot.ui.SirMatchALotViewModel, deck: com.hereliesaz.sirmatchalot.ui.platter.PlatterGeometry.Deck): kotlin.String declared in com.hereliesaz.sirmatchalot.ui.SirMatchALotViewModel' type=kotlin.String origin=null
                        ARG $this: GET_FIELD 'FIELD FIELD_FOR_CAPTURED_VALUE name:this$0 type:com.hereliesaz.sirmatchalot.ui.SirMatchALotViewModel visibility:public/*package*/ [final] declared in com.hereliesaz.sirmatchalot.ui.SirMatchALotViewModel.placePadsOnDeck.<no name provided>' type=com.hereliesaz.sirmatchalot.ui.SirMatchALotViewModel origin=null
                          receiver: GET_VAR '<this>: com.hereliesaz.sirmatchalot.ui.SirMatchALotViewModel.placePadsOnDeck.<no name provided> declared in com.hereliesaz.sirmatchalot.ui.SirMatchALotViewModel.placePadsOnDeck.<no name provided>.invokeSuspend' type=com.hereliesaz.sirmatchalot.ui.SirMatchALotViewModel.placePadsOnDeck.<no name provided> origin=null
                        ARG deck: GET_FIELD 'FIELD FIELD_FOR_CAPTURED_VALUE name:$deck type:com.hereliesaz.sirmatchalot.ui.platter.PlatterGeometry.Deck visibility:public/*package*/ [final] declared in com.hereliesaz.sirmatchalot.ui.SirMatchALotViewModel.placePadsOnDeck.<no name provided>' type=com.hereliesaz.sirmatchalot.ui.platter.PlatterGeometry.Deck origin=null
                          receiver: GET_VAR '<this>: com.hereliesaz.sirmatchalot.ui.SirMatchALotViewModel.placePadsOnDeck.<no name provided> declared in com.hereliesaz.sirmatchalot.ui.SirMatchALotViewModel.placePadsOnDeck.<no name provided>.invokeSuspend' type=com.hereliesaz.sirmatchalot.ui.SirMatchALotViewModel.placePadsOnDeck.<no name provided> origin=null
                    ARG detail: COMPOSITE type=kotlin.String? origin=DEFAULT_VALUE
                      CONST Null type=kotlin.String? value=null
                    ARG block: RICH_FUNCTION_REFERENCE type=kotlin.coroutines.SuspendFunction1<com.hereliesaz.sirmatchalot.ui.BackgroundWork.Handle, kotlin.Unit> origin=INLINE_LAMBDA reflectionTarget='null'
                      overriddenFunctionSymbol: public abstract fun invoke (p1: P1 of kotlin.coroutines.SuspendFunction1): R of kotlin.coroutines.SuspendFunction1 [suspend,operator] declared in kotlin.coroutines.SuspendFunction1
                      bound $engineDeck: GET_FIELD 'FIELD FIELD_FOR_CAPTURED_VALUE name:$engineDeck type:com.hereliesaz.sirmatchalot.audio.Deck visibility:public/*package*/ [final] declared in com.hereliesaz.sirmatchalot.ui.SirMatchALotViewModel.placePadsOnDeck.<no name provided>' type=com.hereliesaz.sirmatchalot.audio.Deck origin=null
                        receiver: GET_VAR '<this>: com.hereliesaz.sirmatchalot.ui.SirMatchALotViewModel.placePadsOnDeck.<no name provided> declared in com.hereliesaz.sirmatchalot.ui.SirMatchALotViewModel.placePadsOnDeck.<no name provided>.invokeSuspend' type=com.hereliesaz.sirmatchalot.ui.SirMatchALotViewModel.placePadsOnDeck.<no name provided> origin=null
                      bound $loaded: GET_FIELD 'FIELD FIELD_FOR_CAPTURED_VALUE name:$loaded type:kotlin.collections.List<com.hereliesaz.sirmatchalot.audio.SamplerPad> visibility:public/*package*/ [final] declared in com.hereliesaz.sirmatchalot.ui.SirMatchALotViewModel.placePadsOnDeck.<no name provided>' type=kotlin.collections.List<com.hereliesaz.sirmatchalot.audio.SamplerPad> origin=null
                        receiver: GET_VAR '<this>: com.hereliesaz.sirmatchalot.ui.SirMatchALotViewModel.placePadsOnDeck.<no name provided> declared in com.hereliesaz.sirmatchalot.ui.SirMatchALotViewModel.placePadsOnDeck.<no name provided>.invokeSuspend' type=com.hereliesaz.sirmatchalot.ui.SirMatchALotViewModel.placePadsOnDeck.<no name provided> origin=null
                      bound this$0: GET_FIELD 'FIELD FIELD_FOR_CAPTURED_VALUE name:this$0 type:com.hereliesaz.sirmatchalot.ui.SirMatchALotViewModel visibility:public/*package*/ [final] declared in com.hereliesaz.sirmatchalot.ui.SirMatchALotViewModel.placePadsOnDeck.<no name provided>' type=com.hereliesaz.sirmatchalot.ui.SirMatchALotViewModel origin=null
                        receiver: GET_VAR '<this>: com.hereliesaz.sirmatchalot.ui.SirMatchALotViewModel.placePadsOnDeck.<no name provided> declared in com.hereliesaz.sirmatchalot.ui.SirMatchALotViewModel.placePadsOnDeck.<no name provided>.invokeSuspend' type=com.hereliesaz.sirmatchalot.ui.SirMatchALotViewModel.placePadsOnDeck.<no name provided> origin=null
                      bound $deck: GET_FIELD 'FIELD FIELD_FOR_CAPTURED_VALUE name:$deck type:com.hereliesaz.sirmatchalot.ui.platter.PlatterGeometry.Deck visibility:public/*package*/ [final] declared in com.hereliesaz.sirmatchalot.ui.SirMatchALotViewModel.placePadsOnDeck.<no name provided>' type=com.hereliesaz.sirmatchalot.ui.platter.PlatterGeometry.Deck origin=null
                        receiver: GET_VAR '<this>: com.hereliesaz.sirmatchalot.ui.SirMatchALotViewModel.placePadsOnDeck.<no name provided> declared in com.hereliesaz.sirmatchalot.ui.SirMatchALotViewModel.placePadsOnDeck.<no name provided>.invokeSuspend' type=com.hereliesaz.sirmatchalot.ui.SirMatchALotViewModel.placePadsOnDeck.<no name provided> origin=null
                      invoke: FUN INLINE_LAMBDA name:invokeSuspend$lambda$0 visibility:private modality:FINAL returnType:kotlin.Any? [suspend]
                        VALUE_PARAMETER BOUND_VALUE_PARAMETER kind:Regular name:$engineDeck index:0 type:com.hereliesaz.sirmatchalot.audio.Deck
                        VALUE_PARAMETER BOUND_VALUE_PARAMETER kind:Regular name:$loaded index:1 type:kotlin.collections.List<com.hereliesaz.sirmatchalot.audio.SamplerPad>
                        VALUE_PARAMETER BOUND_VALUE_PARAMETER kind:Regular name:this$0 index:2 type:com.hereliesaz.sirmatchalot.ui.SirMatchALotViewModel
                        VALUE_PARAMETER BOUND_VALUE_PARAMETER kind:Regular name:$deck index:3 type:com.hereliesaz.sirmatchalot.ui.platter.PlatterGeometry.Deck
                        VALUE_PARAMETER kind:Regular name:it index:4 type:com.hereliesaz.sirmatchalot.ui.BackgroundWork.Handle
                        VALUE_PARAMETER CONTINUATION_CLASS kind:Regular name:$completion index:5 type:kotlin.coroutines.Continuation<kotlin.Unit>
                        BLOCK_BODY
                          VAR name:$i$a$-track$default-SirMatchALotViewModel$placePadsOnDeck$1$1 type:kotlin.Int [val]
                            CONST Int type=kotlin.Int value=0
                          VAR name:cursor type:kotlin.Int [var]
                            BLOCK type=kotlin.Int origin=FOLDED_ELVIS
                              WHEN type=kotlin.Int origin=FOLDED_ELVIS
                                BRANCH
                                  if: COMPOSITE type=kotlin.Boolean origin=null
                                    VAR IR_TEMPORARY_VARIABLE name:tmp0_elvis_lhs type:kotlin.Int? [val]
                                      CALL 'public final fun maxOfOrNull <T, R> (<this>: kotlin.collections.Iterable<T of kotlin.collections.CollectionsKt.maxOfOrNull>, selector: kotlin.Function1<T of kotlin.collections.CollectionsKt.maxOfOrNull, R of kotlin.collections.CollectionsKt.maxOfOrNull>): R of kotlin.collections.CollectionsKt.maxOfOrNull? [inline] declared in kotlin.collections.CollectionsKt' type=kotlin.Int? origin=null
                                        TYPE_ARG T: com.hereliesaz.sirmatchalot.audio.Clip
                                        TYPE_ARG R: kotlin.Int
                                        ARG <this>: CALL 'public final fun <get-clips> (): kotlin.collections.List<com.hereliesaz.sirmatchalot.audio.Clip> declared in com.hereliesaz.sirmatchalot.audio.Deck' type=kotlin.collections.List<com.hereliesaz.sirmatchalot.audio.Clip> origin=GET_PROPERTY
                                          ARG <this>: GET_VAR '$engineDeck: com.hereliesaz.sirmatchalot.audio.Deck declared in com.hereliesaz.sirmatchalot.ui.SirMatchALotViewModel.placePadsOnDeck.<no name provided>.invokeSuspend.invokeSuspend$lambda$0' type=com.hereliesaz.sirmatchalot.audio.Deck origin=null
                                        ARG selector: RICH_FUNCTION_REFERENCE type=kotlin.Function1<com.hereliesaz.sirmatchalot.audio.Clip, kotlin.Int> origin=INLINE_LAMBDA reflectionTarget='null'
                                          overriddenFunctionSymbol: public abstract fun invoke (p1: P1 of kotlin.Function1): R of kotlin.Function1 [operator] declared in kotlin.Function1
                                          invoke: FUN INLINE_LAMBDA name:invokeSuspend$lambda$0$0 visibility:private modality:FINAL returnType:kotlin.Int
                                            VALUE_PARAMETER kind:Regular name:it index:0 type:com.hereliesaz.sirmatchalot.audio.Clip
                                            BLOCK_BODY
                                              VAR name:$i$a$-maxOfOrNull-SirMatchALotViewModel$placePadsOnDeck$1$1$cursor$1 type:kotlin.Int [val]
                                                CONST Int type=kotlin.Int value=0
                                              RETURN type=kotlin.Nothing from='private final fun invokeSuspend$lambda$0$0 (it: com.hereliesaz.sirmatchalot.audio.Clip): kotlin.Int declared in com.hereliesaz.sirmatchalot.ui.SirMatchALotViewModel.placePadsOnDeck.<no name provided>.invokeSuspend.invokeSuspend$lambda$0'
                                                CALL 'public final fun <get-endFrame> (): kotlin.Int declared in com.hereliesaz.sirmatchalot.audio.Clip' type=kotlin.Int origin=GET_PROPERTY
                                                  ARG <this>: GET_VAR 'it: com.hereliesaz.sirmatchalot.audio.Clip declared in com.hereliesaz.sirmatchalot.ui.SirMatchALotViewModel.placePadsOnDeck.<no name provided>.invokeSuspend.invokeSuspend$lambda$0.invokeSuspend$lambda$0$0' type=com.hereliesaz.sirmatchalot.audio.Clip origin=null
                                    CALL 'public final fun not (): kotlin.Boolean [operator] declared in kotlin.Boolean' type=kotlin.Boolean origin=null
                                      ARG <this>: CALL 'public final fun EQEQ (arg0: kotlin.Any?, arg1: kotlin.Any?): kotlin.Boolean declared in kotlin.internal.ir' type=kotlin.Boolean origin=null
                                        ARG arg0: GET_VAR 'val tmp0_elvis_lhs: kotlin.Int? [val] declared in com.hereliesaz.sirmatchalot.ui.SirMatchALotViewModel.placePadsOnDeck.<no name provided>.invokeSuspend.invokeSuspend$lambda$0' type=kotlin.Int? origin=null
                                        ARG arg1: CONST Null type=kotlin.Nothing? value=null
                                  then: GET_VAR 'val tmp0_elvis_lhs: kotlin.Int? [val] declared in com.hereliesaz.sirmatchalot.ui.SirMatchALotViewModel.placePadsOnDeck.<no name provided>.invokeSuspend.invokeSuspend$lambda$0' type=kotlin.Int? origin=null
                                BRANCH
                                  if: CONST Boolean type=kotlin.Boolean value=true
                                  then: CONST Int type=kotlin.Int value=0
                          VAR name:added type:java.util.ArrayList<com.hereliesaz.sirmatchalot.audio.Clip> [val]
                            CONSTRUCTOR_CALL 'public constructor <init> () declared in java.util.ArrayList' type=java.util.ArrayList<com.hereliesaz.sirmatchalot.audio.Clip> origin=null
                              TYPE_ARG (of class) E: com.hereliesaz.sirmatchalot.audio.Clip
                          BLOCK type=kotlin.Unit origin=FOR_LOOP
                            VAR FOR_LOOP_ITERATOR name:<iterator> type:kotlin.collections.Iterator<com.hereliesaz.sirmatchalot.audio.SamplerPad> [val]
                              CALL 'public abstract fun iterator (): kotlin.collections.Iterator<E of kotlin.collections.List> [operator] declared in kotlin.collections.List' type=kotlin.collections.Iterator<com.hereliesaz.sirmatchalot.audio.SamplerPad> origin=FOR_LOOP_ITERATOR
                                ARG <this>: GET_VAR '$loaded: kotlin.collections.List<com.hereliesaz.sirmatchalot.audio.SamplerPad> declared in com.hereliesaz.sirmatchalot.ui.SirMatchALotViewModel.placePadsOnDeck.<no name provided>.invokeSuspend.invokeSuspend$lambda$0' type=kotlin.collections.List<com.hereliesaz.sirmatchalot.audio.SamplerPad> origin=null
                            WHILE label=SirMatchALotViewModel$placePadsOnDeck$<no name provided>$invokeSuspend$invokeSuspend$lambda$07 origin=FOR_LOOP_INNER_WHILE
                              condition: CALL 'public abstract fun hasNext (): kotlin.Boolean [operator] declared in kotlin.collections.Iterator' type=kotlin.Boolean origin=FOR_LOOP_HAS_NEXT
                                ARG <this>: GET_VAR 'val <iterator>: kotlin.collections.Iterator<com.hereliesaz.sirmatchalot.audio.SamplerPad> [val] declared in com.hereliesaz.sirmatchalot.ui.SirMatchALotViewModel.placePadsOnDeck.<no name provided>.invokeSuspend.invokeSuspend$lambda$0' type=kotlin.collections.Iterator<com.hereliesaz.sirmatchalot.audio.SamplerPad> origin=null
                              body: BLOCK type=kotlin.Unit origin=FOR_LOOP_INNER_WHILE
                                VAR FOR_LOOP_VARIABLE name:pad type:com.hereliesaz.sirmatchalot.audio.SamplerPad [val]
                                  CALL 'public abstract fun next (): T of kotlin.collections.Iterator [operator] declared in kotlin.collections.Iterator' type=com.hereliesaz.sirmatchalot.audio.SamplerPad origin=FOR_LOOP_NEXT
                                    ARG <this>: GET_VAR 'val <iterator>: kotlin.collections.Iterator<com.hereliesaz.sirmatchalot.audio.SamplerPad> [val] declared in com.hereliesaz.sirmatchalot.ui.SirMatchALotViewModel.placePadsOnDeck.<no name provided>.invokeSuspend.invokeSuspend$lambda$0' type=kotlin.collections.Iterator<com.hereliesaz.sirmatchalot.audio.SamplerPad> origin=null
                                BLOCK type=kotlin.Unit origin=null
                                  VAR name:buffer type:com.hereliesaz.sirmatchalot.audio.PcmBuffer [val]
                                    BLOCK type=com.hereliesaz.sirmatchalot.audio.PcmBuffer origin=FOLDED_ELVIS
                                      WHEN type=com.hereliesaz.sirmatchalot.audio.PcmBuffer origin=FOLDED_ELVIS
                                        BRANCH
                                          if: COMPOSITE type=kotlin.Boolean origin=null
                                            VAR IR_TEMPORARY_VARIABLE name:tmp1_elvis_lhs type:com.hereliesaz.sirmatchalot.audio.PcmBuffer? [val]
                                              CALL 'public final fun <get-buffer> (): com.hereliesaz.sirmatchalot.audio.PcmBuffer? declared in com.hereliesaz.sirmatchalot.audio.SamplerPad' type=com.hereliesaz.sirmatchalot.audio.PcmBuffer? origin=GET_PROPERTY
                                                ARG <this>: GET_VAR 'val pad: com.hereliesaz.sirmatchalot.audio.SamplerPad [val] declared in com.hereliesaz.sirmatchalot.ui.SirMatchALotViewModel.placePadsOnDeck.<no name provided>.invokeSuspend.invokeSuspend$lambda$0' type=com.hereliesaz.sirmatchalot.audio.SamplerPad origin=null
                                            CALL 'public final fun not (): kotlin.Boolean [operator] declared in kotlin.Boolean' type=kotlin.Boolean origin=null
                                              ARG <this>: CALL 'public final fun EQEQ (arg0: kotlin.Any?, arg1: kotlin.Any?): kotlin.Boolean declared in kotlin.internal.ir' type=kotlin.Boolean origin=null
                                                ARG arg0: GET_VAR 'val tmp1_elvis_lhs: com.hereliesaz.sirmatchalot.audio.PcmBuffer? [val] declared in com.hereliesaz.sirmatchalot.ui.SirMatchALotViewModel.placePadsOnDeck.<no name provided>.invokeSuspend.invokeSuspend$lambda$0' type=com.hereliesaz.sirmatchalot.audio.PcmBuffer? origin=null
                                                ARG arg1: CONST Null type=kotlin.Nothing? value=null
                                          then: GET_VAR 'val tmp1_elvis_lhs: com.hereliesaz.sirmatchalot.audio.PcmBuffer? [val] declared in com.hereliesaz.sirmatchalot.ui.SirMatchALotViewModel.placePadsOnDeck.<no name provided>.invokeSuspend.invokeSuspend$lambda$0' type=com.hereliesaz.sirmatchalot.audio.PcmBuffer? origin=null
                                        BRANCH
                                          if: CONST Boolean type=kotlin.Boolean value=true
                                          then: CONTINUE label=null loop.label=SirMatchALotViewModel$placePadsOnDeck$<no name provided>$invokeSuspend$invokeSuspend$lambda$07
                                  VAR name:playable type:com.hereliesaz.sirmatchalot.audio.PcmBuffer [val]
                                    WHEN type=com.hereliesaz.sirmatchalot.audio.PcmBuffer origin=IF
                                      BRANCH
                                        if: CALL 'public final fun EQEQ (arg0: kotlin.Any?, arg1: kotlin.Any?): kotlin.Boolean declared in kotlin.internal.ir' type=kotlin.Boolean origin=EQEQ
                                          ARG arg0: CALL 'public final fun <get-sampleRate> (): kotlin.Int declared in com.hereliesaz.sirmatchalot.audio.PcmBuffer' type=kotlin.Int origin=GET_PROPERTY
                                            ARG <this>: GET_VAR 'val buffer: com.hereliesaz.sirmatchalot.audio.PcmBuffer [val] declared in com.hereliesaz.sirmatchalot.ui.SirMatchALotViewModel.placePadsOnDeck.<no name provided>.invokeSuspend.invokeSuspend$lambda$0' type=com.hereliesaz.sirmatchalot.audio.PcmBuffer origin=null
                                          ARG arg1: CALL 'public abstract fun <get-sampleRate> (): kotlin.Int declared in com.hereliesaz.sirmatchalot.audio.AudioOutput' type=kotlin.Int origin=GET_PROPERTY
                                            ARG <this>: CALL 'public final fun <get-output> (): com.hereliesaz.sirmatchalot.audio.AudioOutput declared in com.hereliesaz.sirmatchalot.audio.AudioEngine' type=com.hereliesaz.sirmatchalot.audio.AudioOutput origin=GET_PROPERTY
                                              ARG <this>: CALL 'public final fun <get-audioEngine> (): com.hereliesaz.sirmatchalot.audio.AudioEngine declared in com.hereliesaz.sirmatchalot.ui.SirMatchALotViewModel' type=com.hereliesaz.sirmatchalot.audio.AudioEngine origin=GET_PROPERTY
                                                ARG <this>: GET_VAR 'this$0: com.hereliesaz.sirmatchalot.ui.SirMatchALotViewModel declared in com.hereliesaz.sirmatchalot.ui.SirMatchALotViewModel.placePadsOnDeck.<no name provided>.invokeSuspend.invokeSuspend$lambda$0' type=com.hereliesaz.sirmatchalot.ui.SirMatchALotViewModel origin=null
                                        then: GET_VAR 'val buffer: com.hereliesaz.sirmatchalot.audio.PcmBuffer [val] declared in com.hereliesaz.sirmatchalot.ui.SirMatchALotViewModel.placePadsOnDeck.<no name provided>.invokeSuspend.invokeSuspend$lambda$0' type=com.hereliesaz.sirmatchalot.audio.PcmBuffer origin=null
                                      BRANCH
                                        if: CONST Boolean type=kotlin.Boolean value=true
                                        then: CALL 'public final fun resampledTo$default ($this: com.hereliesaz.sirmatchalot.audio.PcmBuffer, targetRate: kotlin.Int, resampler: com.hereliesaz.sirmatchalot.dsp.SincResampler?, $mask0: kotlin.Int, $handler: kotlin.Any?): com.hereliesaz.sirmatchalot.audio.PcmBuffer declared in com.hereliesaz.sirmatchalot.audio.PcmBuffer' type=com.hereliesaz.sirmatchalot.audio.PcmBuffer origin=DEFAULT_DISPATCH_CALL
                                          ARG $this: GET_VAR 'val buffer: com.hereliesaz.sirmatchalot.audio.PcmBuffer [val] declared in com.hereliesaz.sirmatchalot.ui.SirMatchALotViewModel.placePadsOnDeck.<no name provided>.invokeSuspend.invokeSuspend$lambda$0' type=com.hereliesaz.sirmatchalot.audio.PcmBuffer origin=null
                                          ARG targetRate: CALL 'public abstract fun <get-sampleRate> (): kotlin.Int declared in com.hereliesaz.sirmatchalot.audio.AudioOutput' type=kotlin.Int origin=GET_PROPERTY
                                            ARG <this>: CALL 'public final fun <get-output> (): com.hereliesaz.sirmatchalot.audio.AudioOutput declared in com.hereliesaz.sirmatchalot.audio.AudioEngine' type=com.hereliesaz.sirmatchalot.audio.AudioOutput origin=GET_PROPERTY
                                              ARG <this>: CALL 'public final fun <get-audioEngine> (): com.hereliesaz.sirmatchalot.audio.AudioEngine declared in com.hereliesaz.sirmatchalot.ui.SirMatchALotViewModel' type=com.hereliesaz.sirmatchalot.audio.AudioEngine origin=GET_PROPERTY
                                                ARG <this>: GET_VAR 'this$0: com.hereliesaz.sirmatchalot.ui.SirMatchALotViewModel declared in com.hereliesaz.sirmatchalot.ui.SirMatchALotViewModel.placePadsOnDeck.<no name provided>.invokeSuspend.invokeSuspend$lambda$0' type=com.hereliesaz.sirmatchalot.ui.SirMatchALotViewModel origin=null
                                          ARG resampler: COMPOSITE type=com.hereliesaz.sirmatchalot.dsp.SincResampler? origin=DEFAULT_VALUE
                                            CONST Null type=com.hereliesaz.sirmatchalot.dsp.SincResampler? value=null
                                          ARG $mask0: CONST Int type=kotlin.Int value=2
                                          ARG $handler: CONST Null type=kotlin.Any? value=null
                                  VAR name:id type:kotlin.String [val]
                                    CALL 'public final fun access$padClipId ($this: com.hereliesaz.sirmatchalot.ui.SirMatchALotViewModel, index: kotlin.Int): kotlin.String declared in com.hereliesaz.sirmatchalot.ui.SirMatchALotViewModel' type=kotlin.String origin=null
                                      ARG $this: GET_VAR 'this$0: com.hereliesaz.sirmatchalot.ui.SirMatchALotViewModel declared in com.hereliesaz.sirmatchalot.ui.SirMatchALotViewModel.placePadsOnDeck.<no name provided>.invokeSuspend.invokeSuspend$lambda$0' type=com.hereliesaz.sirmatchalot.ui.SirMatchALotViewModel origin=null
                                      ARG index: CALL 'public final fun <get-index> (): kotlin.Int declared in com.hereliesaz.sirmatchalot.audio.SamplerPad' type=kotlin.Int origin=GET_PROPERTY
                                        ARG <this>: GET_VAR 'val pad: com.hereliesaz.sirmatchalot.audio.SamplerPad [val] declared in com.hereliesaz.sirmatchalot.ui.SirMatchALotViewModel.placePadsOnDeck.<no name provided>.invokeSuspend.invokeSuspend$lambda$0' type=com.hereliesaz.sirmatchalot.audio.SamplerPad origin=null
                                  CALL 'public final fun set <K, V> (<this>: kotlin.collections.MutableMap<K of kotlin.collections.MapsKt.set, V of kotlin.collections.MapsKt.set>, key: K of kotlin.collections.MapsKt.set, value: V of kotlin.collections.MapsKt.set): kotlin.Unit [inline,operator] declared in kotlin.collections.MapsKt' type=kotlin.Unit origin=EQ
                                    TYPE_ARG K: kotlin.String
                                    TYPE_ARG V: kotlin.String
                                    ARG <this>: CALL 'public final fun access$getClipTitles$p ($this: com.hereliesaz.sirmatchalot.ui.SirMatchALotViewModel): java.util.HashMap<kotlin.String, kotlin.String> declared in com.hereliesaz.sirmatchalot.ui.SirMatchALotViewModel' type=java.util.HashMap<kotlin.String, kotlin.String> origin=null
                                      ARG $this: GET_VAR 'this$0: com.hereliesaz.sirmatchalot.ui.SirMatchALotViewModel declared in com.hereliesaz.sirmatchalot.ui.SirMatchALotViewModel.placePadsOnDeck.<no name provided>.invokeSuspend.invokeSuspend$lambda$0' type=com.hereliesaz.sirmatchalot.ui.SirMatchALotViewModel origin=null
                                    ARG key: GET_VAR 'val id: kotlin.String [val] declared in com.hereliesaz.sirmatchalot.ui.SirMatchALotViewModel.placePadsOnDeck.<no name provided>.invokeSuspend.invokeSuspend$lambda$0' type=kotlin.String origin=null
                                    ARG value: BLOCK type=kotlin.String origin=FOLDED_ELVIS
                                      WHEN type=kotlin.String origin=FOLDED_ELVIS
                                        BRANCH
                                          if: COMPOSITE type=kotlin.Boolean origin=null
                                            VAR IR_TEMPORARY_VARIABLE name:tmp2_elvis_lhs type:kotlin.String? [val]
                                              CALL 'public final fun <get-label> (): kotlin.String? declared in com.hereliesaz.sirmatchalot.audio.SamplerPad' type=kotlin.String? origin=GET_PROPERTY
                                                ARG <this>: GET_VAR 'val pad: com.hereliesaz.sirmatchalot.audio.SamplerPad [val] declared in com.hereliesaz.sirmatchalot.ui.SirMatchALotViewModel.placePadsOnDeck.<no name provided>.invokeSuspend.invokeSuspend$lambda$0' type=com.hereliesaz.sirmatchalot.audio.SamplerPad origin=null
                                            CALL 'public final fun not (): kotlin.Boolean [operator] declared in kotlin.Boolean' type=kotlin.Boolean origin=null
                                              ARG <this>: CALL 'public final fun EQEQ (arg0: kotlin.Any?, arg1: kotlin.Any?): kotlin.Boolean declared in kotlin.internal.ir' type=kotlin.Boolean origin=null
                                                ARG arg0: GET_VAR 'val tmp2_elvis_lhs: kotlin.String? [val] declared in com.hereliesaz.sirmatchalot.ui.SirMatchALotViewModel.placePadsOnDeck.<no name provided>.invokeSuspend.invokeSuspend$lambda$0' type=kotlin.String? origin=null
                                                ARG arg1: CONST Null type=kotlin.Nothing? value=null
                                          then: GET_VAR 'val tmp2_elvis_lhs: kotlin.String? [val] declared in com.hereliesaz.sirmatchalot.ui.SirMatchALotViewModel.placePadsOnDeck.<no name provided>.invokeSuspend.invokeSuspend$lambda$0' type=kotlin.String? origin=null
                                        BRANCH
                                          if: CONST Boolean type=kotlin.Boolean value=true
                                          then: STRING_CONCATENATION type=kotlin.String
                                            CONST String type=kotlin.String value="Pad "
                                            CALL 'public final fun plus (other: kotlin.Int): kotlin.Int [operator] declared in kotlin.Int' type=kotlin.Int origin=PLUS
                                              ARG <this>: CALL 'public final fun <get-index> (): kotlin.Int declared in com.hereliesaz.sirmatchalot.audio.SamplerPad' type=kotlin.Int origin=GET_PROPERTY
                                                ARG <this>: GET_VAR 'val pad: com.hereliesaz.sirmatchalot.audio.SamplerPad [val] declared in com.hereliesaz.sirmatchalot.ui.SirMatchALotViewModel.placePadsOnDeck.<no name provided>.invokeSuspend.invokeSuspend$lambda$0' type=com.hereliesaz.sirmatchalot.audio.SamplerPad origin=null
                                              ARG other: CONST Int type=kotlin.Int value=1
                                  CALL 'public final fun set <K, V> (<this>: kotlin.collections.MutableMap<K of kotlin.collections.MapsKt.set, V of kotlin.collections.MapsKt.set>, key: K of kotlin.collections.MapsKt.set, value: V of kotlin.collections.MapsKt.set): kotlin.Unit [inline,operator] declared in kotlin.collections.MapsKt' type=kotlin.Unit origin=EQ
                                    TYPE_ARG K: kotlin.String
                                    TYPE_ARG V: com.hereliesaz.sirmatchalot.dsp.PeakEnvelope
                                    ARG <this>: CALL 'public final fun access$getPeaksCache$p ($this: com.hereliesaz.sirmatchalot.ui.SirMatchALotViewModel): kotlin.collections.MutableMap<kotlin.String, com.hereliesaz.sirmatchalot.dsp.PeakEnvelope> declared in com.hereliesaz.sirmatchalot.ui.SirMatchALotViewModel' type=kotlin.collections.MutableMap<kotlin.String, com.hereliesaz.sirmatchalot.dsp.PeakEnvelope> origin=null
                                      ARG $this: GET_VAR 'this$0: com.hereliesaz.sirmatchalot.ui.SirMatchALotViewModel declared in com.hereliesaz.sirmatchalot.ui.SirMatchALotViewModel.placePadsOnDeck.<no name provided>.invokeSuspend.invokeSuspend$lambda$0' type=com.hereliesaz.sirmatchalot.ui.SirMatchALotViewModel origin=null
                                    ARG key: GET_VAR 'val id: kotlin.String [val] declared in com.hereliesaz.sirmatchalot.ui.SirMatchALotViewModel.placePadsOnDeck.<no name provided>.invokeSuspend.invokeSuspend$lambda$0' type=kotlin.String origin=null
                                    ARG value: CALL 'public final fun compute$default ($this: com.hereliesaz.sirmatchalot.dsp.PeakEnvelope.Companion, samples: kotlin.FloatArray, buckets: kotlin.Int, $mask0: kotlin.Int, $handler: kotlin.Any?): com.hereliesaz.sirmatchalot.dsp.PeakEnvelope declared in com.hereliesaz.sirmatchalot.dsp.PeakEnvelope.Companion' type=com.hereliesaz.sirmatchalot.dsp.PeakEnvelope origin=DEFAULT_DISPATCH_CALL
                                      ARG $this: GET_FIELD 'FIELD FIELD_FOR_OBJECT_INSTANCE name:Companion type:com.hereliesaz.sirmatchalot.dsp.PeakEnvelope.Companion visibility:public [final,static] declared in com.hereliesaz.sirmatchalot.dsp.PeakEnvelope' type=com.hereliesaz.sirmatchalot.dsp.PeakEnvelope.Companion origin=null
                                      ARG samples: CALL 'public final fun toMonoFloat (): kotlin.FloatArray declared in com.hereliesaz.sirmatchalot.audio.PcmBuffer' type=kotlin.FloatArray origin=null
                                        ARG <this>: GET_VAR 'val playable: com.hereliesaz.sirmatchalot.audio.PcmBuffer [val] declared in com.hereliesaz.sirmatchalot.ui.SirMatchALotViewModel.placePadsOnDeck.<no name provided>.invokeSuspend.invokeSuspend$lambda$0' type=com.hereliesaz.sirmatchalot.audio.PcmBuffer origin=null
                                      ARG buckets: COMPOSITE type=kotlin.Int origin=DEFAULT_VALUE
                                        CONST Int type=kotlin.Int value=0
                                      ARG $mask0: CONST Int type=kotlin.Int value=2
                                      ARG $handler: CONST Null type=kotlin.Any? value=null
                                  COMPOSITE type=kotlin.Unit origin=null
                                    CALL 'public open fun add (p0: @[EnhancedNullability] E of java.util.ArrayList): kotlin.Boolean declared in java.util.ArrayList' type=kotlin.Boolean origin=null
                                      ARG <this>: GET_VAR 'val added: java.util.ArrayList<com.hereliesaz.sirmatchalot.audio.Clip> [val] declared in com.hereliesaz.sirmatchalot.ui.SirMatchALotViewModel.placePadsOnDeck.<no name provided>.invokeSuspend.invokeSuspend$lambda$0' type=java.util.ArrayList<com.hereliesaz.sirmatchalot.audio.Clip> origin=null
                                      ARG p0: CONSTRUCTOR_CALL 'public constructor <init> (id: kotlin.String, buffer: com.hereliesaz.sirmatchalot.audio.PcmBuffer, startFrame: kotlin.Int, gain: kotlin.Float, loop: kotlin.Boolean, $mask0: kotlin.Int, $marker: kotlin.jvm.internal.DefaultConstructorMarker?) declared in com.hereliesaz.sirmatchalot.audio.Clip' type=com.hereliesaz.sirmatchalot.audio.Clip origin=DEFAULT_DISPATCH_CALL
                                        ARG id: GET_VAR 'val id: kotlin.String [val] declared in com.hereliesaz.sirmatchalot.ui.SirMatchALotViewModel.placePadsOnDeck.<no name provided>.invokeSuspend.invokeSuspend$lambda$0' type=kotlin.String origin=null
                                        ARG buffer: GET_VAR 'val playable: com.hereliesaz.sirmatchalot.audio.PcmBuffer [val] declared in com.hereliesaz.sirmatchalot.ui.SirMatchALotViewModel.placePadsOnDeck.<no name provided>.invokeSuspend.invokeSuspend$lambda$0' type=com.hereliesaz.sirmatchalot.audio.PcmBuffer origin=null
                                        ARG startFrame: GET_VAR 'var cursor: kotlin.Int [var] declared in com.hereliesaz.sirmatchalot.ui.SirMatchALotViewModel.placePadsOnDeck.<no name provided>.invokeSuspend.invokeSuspend$lambda$0' type=kotlin.Int origin=null
                                        ARG gain: COMPOSITE type=kotlin.Float origin=DEFAULT_VALUE
                                          CONST Float type=kotlin.Float value=0.0
                                        ARG loop: CONST Boolean type=kotlin.Boolean value=false
                                        ARG $mask0: CONST Int type=kotlin.Int value=8
                                        ARG $marker: CONST Null type=kotlin.jvm.internal.DefaultConstructorMarker? value=null
                                    COMPOSITE type=kotlin.Unit origin=null
                                  SET_VAR 'var cursor: kotlin.Int [var] declared in com.hereliesaz.sirmatchalot.ui.SirMatchALotViewModel.placePadsOnDeck.<no name provided>.invokeSuspend.invokeSuspend$lambda$0' type=kotlin.Unit origin=PLUSEQ
                                    CALL 'public final fun plus (other: kotlin.Int): kotlin.Int [operator] declared in kotlin.Int' type=kotlin.Int origin=PLUSEQ
                                      ARG <this>: GET_VAR 'var cursor: kotlin.Int [var] declared in com.hereliesaz.sirmatchalot.ui.SirMatchALotViewModel.placePadsOnDeck.<no name provided>.invokeSuspend.invokeSuspend$lambda$0' type=kotlin.Int origin=PLUSEQ
                                      ARG other: CALL 'public final fun <get-frameCount> (): kotlin.Int declared in com.hereliesaz.sirmatchalot.audio.PcmBuffer' type=kotlin.Int origin=GET_PROPERTY
                                        ARG <this>: GET_VAR 'val playable: com.hereliesaz.sirmatchalot.audio.PcmBuffer [val] declared in com.hereliesaz.sirmatchalot.ui.SirMatchALotViewModel.placePadsOnDeck.<no name provided>.invokeSuspend.invokeSuspend$lambda$0' type=com.hereliesaz.sirmatchalot.audio.PcmBuffer origin=null
                          WHEN type=kotlin.Unit origin=IF
                            BRANCH
                              if: CALL 'public open fun isEmpty (): kotlin.Boolean declared in java.util.ArrayList' type=kotlin.Boolean origin=null
                                ARG <this>: GET_VAR 'val added: java.util.ArrayList<com.hereliesaz.sirmatchalot.audio.Clip> [val] declared in com.hereliesaz.sirmatchalot.ui.SirMatchALotViewModel.placePadsOnDeck.<no name provided>.invokeSuspend.invokeSuspend$lambda$0' type=java.util.ArrayList<com.hereliesaz.sirmatchalot.audio.Clip> origin=null
                              then: RETURN type=kotlin.Nothing from='public final fun invokeSuspend ($result: kotlin.Result<kotlin.Any?>): kotlin.Any? declared in com.hereliesaz.sirmatchalot.ui.SirMatchALotViewModel.placePadsOnDeck.<no name provided>'
                                GET_FIELD 'FIELD FIELD_FOR_OBJECT_INSTANCE name:INSTANCE type:kotlin.Unit visibility:public [final,static] declared in kotlin.Unit' type=kotlin.Unit origin=null
                          CALL 'public final fun <set-clips> (value: kotlin.collections.List<com.hereliesaz.sirmatchalot.audio.Clip>): kotlin.Unit declared in com.hereliesaz.sirmatchalot.audio.Deck' type=kotlin.Unit origin=EQ
                            ARG <this>: GET_VAR '$engineDeck: com.hereliesaz.sirmatchalot.audio.Deck declared in com.hereliesaz.sirmatchalot.ui.SirMatchALotViewModel.placePadsOnDeck.<no name provided>.invokeSuspend.invokeSuspend$lambda$0' type=com.hereliesaz.sirmatchalot.audio.Deck origin=null
                            ARG value: CALL 'public final fun plus <T> (<this>: kotlin.collections.Collection<T of kotlin.collections.CollectionsKt.plus>, elements: kotlin.collections.Iterable<T of kotlin.collections.CollectionsKt.plus>): kotlin.collections.List<T of kotlin.collections.CollectionsKt.plus> [operator] declared in kotlin.collections.CollectionsKt' type=kotlin.collections.List<com.hereliesaz.sirmatchalot.audio.Clip> origin=PLUS
                              TYPE_ARG T: com.hereliesaz.sirmatchalot.audio.Clip
                              ARG <this>: CALL 'public final fun filterNot <T> (<this>: kotlin.collections.Iterable<T of kotlin.collections.CollectionsKt.filterNot>, predicate: kotlin.Function1<T of kotlin.collections.CollectionsKt.filterNot, kotlin.Boolean>): kotlin.collections.List<T of kotlin.collections.CollectionsKt.filterNot> [inline] declared in kotlin.collections.CollectionsKt' type=kotlin.collections.List<com.hereliesaz.sirmatchalot.audio.Clip> origin=null
                                TYPE_ARG T: com.hereliesaz.sirmatchalot.audio.Clip
                                ARG <this>: CALL 'public final fun <get-clips> (): kotlin.collections.List<com.hereliesaz.sirmatchalot.audio.Clip> declared in com.hereliesaz.sirmatchalot.audio.Deck' type=kotlin.collections.List<com.hereliesaz.sirmatchalot.audio.Clip> origin=GET_PROPERTY
                                  ARG <this>: GET_VAR '$engineDeck: com.hereliesaz.sirmatchalot.audio.Deck declared in com.hereliesaz.sirmatchalot.ui.SirMatchALotViewModel.placePadsOnDeck.<no name provided>.invokeSuspend.invokeSuspend$lambda$0' type=com.hereliesaz.sirmatchalot.audio.Deck origin=null
                                ARG predicate: RICH_FUNCTION_REFERENCE type=kotlin.Function1<com.hereliesaz.sirmatchalot.audio.Clip, kotlin.Boolean> origin=INLINE_LAMBDA reflectionTarget='null'
                                  overriddenFunctionSymbol: public abstract fun invoke (p1: P1 of kotlin.Function1): R of kotlin.Function1 [operator] declared in kotlin.Function1
                                  invoke: FUN INLINE_LAMBDA name:invokeSuspend$lambda$0$1 visibility:private modality:FINAL returnType:kotlin.Boolean
                                    VALUE_PARAMETER kind:Regular name:it index:0 type:com.hereliesaz.sirmatchalot.audio.Clip
                                    BLOCK_BODY
                                      VAR name:$i$a$-filterNot-SirMatchALotViewModel$placePadsOnDeck$1$1$1 type:kotlin.Int [val]
                                        CONST Int type=kotlin.Int value=0
                                      RETURN type=kotlin.Nothing from='private final fun invokeSuspend$lambda$0$1 (it: com.hereliesaz.sirmatchalot.audio.Clip): kotlin.Boolean declared in com.hereliesaz.sirmatchalot.ui.SirMatchALotViewModel.placePadsOnDeck.<no name provided>.invokeSuspend.invokeSuspend$lambda$0'
                                        CALL 'public final fun startsWith$default (<this>: kotlin.String, prefix: kotlin.String, ignoreCase: kotlin.Boolean, $mask0: kotlin.Int, $handler: kotlin.Any?): kotlin.Boolean declared in kotlin.text.StringsKt' type=kotlin.Boolean origin=DEFAULT_DISPATCH_CALL
                                          ARG <this>: CALL 'public final fun <get-id> (): kotlin.String declared in com.hereliesaz.sirmatchalot.audio.Clip' type=kotlin.String origin=GET_PROPERTY
                                            ARG <this>: GET_VAR 'it: com.hereliesaz.sirmatchalot.audio.Clip declared in com.hereliesaz.sirmatchalot.ui.SirMatchALotViewModel.placePadsOnDeck.<no name provided>.invokeSuspend.invokeSuspend$lambda$0.invokeSuspend$lambda$0$1' type=com.hereliesaz.sirmatchalot.audio.Clip origin=null
                                          ARG prefix: CONST String type=kotlin.String value="pad:"
                                          ARG ignoreCase: COMPOSITE type=kotlin.Boolean origin=DEFAULT_VALUE
                                            CONST Boolean type=kotlin.Boolean value=false
                                          ARG $mask0: CONST Int type=kotlin.Int value=2
                                          ARG $handler: CONST Null type=kotlin.Any? value=null
                              ARG elements: GET_VAR 'val added: java.util.ArrayList<com.hereliesaz.sirmatchalot.audio.Clip> [val] declared in com.hereliesaz.sirmatchalot.ui.SirMatchALotViewModel.placePadsOnDeck.<no name provided>.invokeSuspend.invokeSuspend$lambda$0' type=java.util.ArrayList<com.hereliesaz.sirmatchalot.audio.Clip> origin=null
                          CALL 'public final fun access$republishPlatter ($this: com.hereliesaz.sirmatchalot.ui.SirMatchALotViewModel): kotlin.Unit declared in com.hereliesaz.sirmatchalot.ui.SirMatchALotViewModel' type=kotlin.Unit origin=null
                            ARG $this: GET_VAR 'this$0: com.hereliesaz.sirmatchalot.ui.SirMatchALotViewModel declared in com.hereliesaz.sirmatchalot.ui.SirMatchALotViewModel.placePadsOnDeck.<no name provided>.invokeSuspend.invokeSuspend$lambda$0' type=com.hereliesaz.sirmatchalot.ui.SirMatchALotViewModel origin=null
                          CALL 'public abstract fun <set-value> (<set-?>: T of kotlinx.coroutines.flow.MutableStateFlow): kotlin.Unit declared in kotlinx.coroutines.flow.MutableStateFlow' type=kotlin.Unit origin=EQ
                            ARG <this>: CALL 'public final fun access$get_feedbackMsg$p ($this: com.hereliesaz.sirmatchalot.ui.SirMatchALotViewModel): kotlinx.coroutines.flow.MutableStateFlow<kotlin.String> declared in com.hereliesaz.sirmatchalot.ui.SirMatchALotViewModel' type=kotlinx.coroutines.flow.MutableStateFlow<kotlin.String> origin=null
                              ARG $this: GET_VAR 'this$0: com.hereliesaz.sirmatchalot.ui.SirMatchALotViewModel declared in com.hereliesaz.sirmatchalot.ui.SirMatchALotViewModel.placePadsOnDeck.<no name provided>.invokeSuspend.invokeSuspend$lambda$0' type=com.hereliesaz.sirmatchalot.ui.SirMatchALotViewModel origin=null
                            ARG <set-?>: STRING_CONCATENATION type=kotlin.String
                              CONST String type=kotlin.String value="Placed "
                              CALL 'public open fun <get-size> (): kotlin.Int declared in java.util.ArrayList' type=kotlin.Int origin=GET_PROPERTY
                                ARG <this>: GET_VAR 'val added: java.util.ArrayList<com.hereliesaz.sirmatchalot.audio.Clip> [val] declared in com.hereliesaz.sirmatchalot.ui.SirMatchALotViewModel.placePadsOnDeck.<no name provided>.invokeSuspend.invokeSuspend$lambda$0' type=java.util.ArrayList<com.hereliesaz.sirmatchalot.audio.Clip> origin=null
                              CONST String type=kotlin.String value=" loops on Deck "
                              CALL 'public final fun access$deckLabel ($this: com.hereliesaz.sirmatchalot.ui.SirMatchALotViewModel, deck: com.hereliesaz.sirmatchalot.ui.platter.PlatterGeometry.Deck): kotlin.String declared in com.hereliesaz.sirmatchalot.ui.SirMatchALotViewModel' type=kotlin.String origin=null
                                ARG $this: GET_VAR 'this$0: com.hereliesaz.sirmatchalot.ui.SirMatchALotViewModel declared in com.hereliesaz.sirmatchalot.ui.SirMatchALotViewModel.placePadsOnDeck.<no name provided>.invokeSuspend.invokeSuspend$lambda$0' type=com.hereliesaz.sirmatchalot.ui.SirMatchALotViewModel origin=null
                                ARG deck: GET_VAR '$deck: com.hereliesaz.sirmatchalot.ui.platter.PlatterGeometry.Deck declared in com.hereliesaz.sirmatchalot.ui.SirMatchALotViewModel.placePadsOnDeck.<no name provided>.invokeSuspend.invokeSuspend$lambda$0' type=com.hereliesaz.sirmatchalot.ui.platter.PlatterGeometry.Deck origin=null
                    ARG $completion: GET_VAR '<this>: com.hereliesaz.sirmatchalot.ui.SirMatchALotViewModel.placePadsOnDeck.<no name provided> declared in com.hereliesaz.sirmatchalot.ui.SirMatchALotViewModel.placePadsOnDeck.<no name provided>.invokeSuspend' type=com.hereliesaz.sirmatchalot.ui.SirMatchALotViewModel.placePadsOnDeck.<no name provided> origin=null
                    ARG $mask0: CONST Int type=kotlin.Int value=4
                    ARG $handler: CONST Null type=kotlin.Any? value=null
            FUN name:create visibility:public modality:FINAL returnType:kotlin.coroutines.Continuation<kotlin.Unit>
              VALUE_PARAMETER INSTANCE_RECEIVER kind:DispatchReceiver name:<this> index:0 type:com.hereliesaz.sirmatchalot.ui.SirMatchALotViewModel.placePadsOnDeck.<no name provided>
              VALUE_PARAMETER kind:Regular name:value index:1 type:kotlin.Any?
              VALUE_PARAMETER kind:Regular name:$completion index:2 type:kotlin.coroutines.Continuation<kotlin.Nothing>
              overridden:
                public open fun create (value: kotlin.Any?, $completion: kotlin.coroutines.Continuation<kotlin.Nothing>): kotlin.coroutines.Continuation<kotlin.Unit> declared in kotlin.coroutines.jvm.internal.SuspendLambda
              BLOCK_BODY
                RETURN type=kotlin.Nothing from='public final fun create (value: kotlin.Any?, $completion: kotlin.coroutines.Continuation<kotlin.Nothing>): kotlin.coroutines.Continuation<kotlin.Unit> declared in com.hereliesaz.sirmatchalot.ui.SirMatchALotViewModel.placePadsOnDeck.<no name provided>'
                  CONSTRUCTOR_CALL 'public/*package*/ constructor <init> (this$0: com.hereliesaz.sirmatchalot.ui.SirMatchALotViewModel, $deck: com.hereliesaz.sirmatchalot.ui.platter.PlatterGeometry.Deck, $engineDeck: com.hereliesaz.sirmatchalot.audio.Deck, $loaded: kotlin.collections.List<com.hereliesaz.sirmatchalot.audio.SamplerPad>, $completion: kotlin.coroutines.Continuation<com.hereliesaz.sirmatchalot.ui.SirMatchALotViewModel.placePadsOnDeck.<no name provided>>?) [primary] declared in com.hereliesaz.sirmatchalot.ui.SirMatchALotViewModel.placePadsOnDeck.<no name provided>' type=com.hereliesaz.sirmatchalot.ui.SirMatchALotViewModel.placePadsOnDeck.<no name provided> origin=null
                    ARG this$0: GET_FIELD 'FIELD FIELD_FOR_CAPTURED_VALUE name:this$0 type:com.hereliesaz.sirmatchalot.ui.SirMatchALotViewModel visibility:public/*package*/ [final] declared in com.hereliesaz.sirmatchalot.ui.SirMatchALotViewModel.placePadsOnDeck.<no name provided>' type=com.hereliesaz.sirmatchalot.ui.SirMatchALotViewModel origin=null
                      receiver: GET_VAR '<this>: com.hereliesaz.sirmatchalot.ui.SirMatchALotViewModel.placePadsOnDeck.<no name provided> declared in com.hereliesaz.sirmatchalot.ui.SirMatchALotViewModel.placePadsOnDeck.<no name provided>.create' type=com.hereliesaz.sirmatchalot.ui.SirMatchALotViewModel.placePadsOnDeck.<no name provided> origin=null
                    ARG $deck: GET_FIELD 'FIELD FIELD_FOR_CAPTURED_VALUE name:$deck type:com.hereliesaz.sirmatchalot.ui.platter.PlatterGeometry.Deck visibility:public/*package*/ [final] declared in com.hereliesaz.sirmatchalot.ui.SirMatchALotViewModel.placePadsOnDeck.<no name provided>' type=com.hereliesaz.sirmatchalot.ui.platter.PlatterGeometry.Deck origin=null
                      receiver: GET_VAR '<this>: com.hereliesaz.sirmatchalot.ui.SirMatchALotViewModel.placePadsOnDeck.<no name provided> declared in com.hereliesaz.sirmatchalot.ui.SirMatchALotViewModel.placePadsOnDeck.<no name provided>.create' type=com.hereliesaz.sirmatchalot.ui.SirMatchALotViewModel.placePadsOnDeck.<no name provided> origin=null
                    ARG $engineDeck: GET_FIELD 'FIELD FIELD_FOR_CAPTURED_VALUE name:$engineDeck type:com.hereliesaz.sirmatchalot.audio.Deck visibility:public/*package*/ [final] declared in com.hereliesaz.sirmatchalot.ui.SirMatchALotViewModel.placePadsOnDeck.<no name provided>' type=com.hereliesaz.sirmatchalot.audio.Deck origin=null
                      receiver: GET_VAR '<this>: com.hereliesaz.sirmatchalot.ui.SirMatchALotViewModel.placePadsOnDeck.<no name provided> declared in com.hereliesaz.sirmatchalot.ui.SirMatchALotViewModel.placePadsOnDeck.<no name provided>.create' type=com.hereliesaz.sirmatchalot.ui.SirMatchALotViewModel.placePadsOnDeck.<no name provided> origin=null
                    ARG $loaded: GET_FIELD 'FIELD FIELD_FOR_CAPTURED_VALUE name:$loaded type:kotlin.collections.List<com.hereliesaz.sirmatchalot.audio.SamplerPad> visibility:public/*package*/ [final] declared in com.hereliesaz.sirmatchalot.ui.SirMatchALotViewModel.placePadsOnDeck.<no name provided>' type=kotlin.collections.List<com.hereliesaz.sirmatchalot.audio.SamplerPad> origin=null
                      receiver: GET_VAR '<this>: com.hereliesaz.sirmatchalot.ui.SirMatchALotViewModel.placePadsOnDeck.<no name provided> declared in com.hereliesaz.sirmatchalot.ui.SirMatchALotViewModel.placePadsOnDeck.<no name provided>.create' type=com.hereliesaz.sirmatchalot.ui.SirMatchALotViewModel.placePadsOnDeck.<no name provided> origin=null
                    ARG $completion: GET_VAR '$completion: kotlin.coroutines.Continuation<kotlin.Nothing> declared in com.hereliesaz.sirmatchalot.ui.SirMatchALotViewModel.placePadsOnDeck.<no name provided>.create' type=kotlin.coroutines.Continuation<kotlin.Nothing> origin=null
            FUN name:invoke visibility:public modality:FINAL returnType:kotlin.Any?
              VALUE_PARAMETER INSTANCE_RECEIVER kind:DispatchReceiver name:<this> index:0 type:com.hereliesaz.sirmatchalot.ui.SirMatchALotViewModel.placePadsOnDeck.<no name provided>
              VALUE_PARAMETER kind:Regular name:p1 index:1 type:kotlinx.coroutines.CoroutineScope
              VALUE_PARAMETER kind:Regular name:p2 index:2 type:kotlin.coroutines.Continuation<kotlin.Unit>?
              overridden:
                public abstract fun invoke (p1: P1 of kotlin.jvm.functions.Function2, p2: P2 of kotlin.jvm.functions.Function2): R of kotlin.jvm.functions.Function2 declared in kotlin.jvm.functions.Function2
              BLOCK_BODY
                RETURN type=kotlin.Nothing from='public final fun invoke (p1: kotlinx.coroutines.CoroutineScope, p2: kotlin.coroutines.Continuation<kotlin.Unit>?): kotlin.Any? declared in com.hereliesaz.sirmatchalot.ui.SirMatchALotViewModel.placePadsOnDeck.<no name provided>'
                  CALL 'public final fun invokeSuspend ($result: kotlin.Result<kotlin.Any?>): kotlin.Any? declared in com.hereliesaz.sirmatchalot.ui.SirMatchALotViewModel.placePadsOnDeck.<no name provided>' type=kotlin.Any? origin=null
                    ARG <this>: TYPE_OP type=com.hereliesaz.sirmatchalot.ui.SirMatchALotViewModel.placePadsOnDeck.<no name provided> origin=IMPLICIT_CAST typeOperand=com.hereliesaz.sirmatchalot.ui.SirMatchALotViewModel.placePadsOnDeck.<no name provided>
                      CALL 'public final fun create (value: kotlin.Any?, $completion: kotlin.coroutines.Continuation<kotlin.Nothing>): kotlin.coroutines.Continuation<kotlin.Unit> declared in com.hereliesaz.sirmatchalot.ui.SirMatchALotViewModel.placePadsOnDeck.<no name provided>' type=kotlin.coroutines.Continuation<kotlin.Unit> origin=null
                        ARG <this>: GET_VAR '<this>: com.hereliesaz.sirmatchalot.ui.SirMatchALotViewModel.placePadsOnDeck.<no name provided> declared in com.hereliesaz.sirmatchalot.ui.SirMatchALotViewModel.placePadsOnDeck.<no name provided>.invoke' type=com.hereliesaz.sirmatchalot.ui.SirMatchALotViewModel.placePadsOnDeck.<no name provided> origin=null
                        ARG value: GET_VAR 'p1: kotlinx.coroutines.CoroutineScope declared in com.hereliesaz.sirmatchalot.ui.SirMatchALotViewModel.placePadsOnDeck.<no name provided>.invoke' type=kotlinx.coroutines.CoroutineScope origin=null
                        ARG $completion: GET_VAR 'p2: kotlin.coroutines.Continuation<kotlin.Unit>? declared in com.hereliesaz.sirmatchalot.ui.SirMatchALotViewModel.placePadsOnDeck.<no name provided>.invoke' type=kotlin.coroutines.Continuation<kotlin.Unit>? origin=null
                    ARG $result: CALL 'public final fun <unsafe-coerce> <T, R> (v: T of kotlin.jvm.internal.<unsafe-coerce>): R of kotlin.jvm.internal.<unsafe-coerce> declared in kotlin.jvm.internal' type=kotlin.Result<kotlin.Any?> origin=null
                      TYPE_ARG T: kotlin.Any?
                      TYPE_ARG R: kotlin.Result<kotlin.Any?>
                      ARG v: GET_FIELD 'FIELD FIELD_FOR_OBJECT_INSTANCE name:INSTANCE type:kotlin.Unit visibility:public [final,static] declared in kotlin.Unit' type=kotlin.Unit origin=null
            FIELD FIELD_FOR_CAPTURED_VALUE name:this$0 type:com.hereliesaz.sirmatchalot.ui.SirMatchALotViewModel visibility:public/*package*/ [final]
            FIELD FIELD_FOR_CAPTURED_VALUE name:$deck type:com.hereliesaz.sirmatchalot.ui.platter.PlatterGeometry.Deck visibility:public/*package*/ [final]
            FIELD FIELD_FOR_CAPTURED_VALUE name:$engineDeck type:com.hereliesaz.sirmatchalot.audio.Deck visibility:public/*package*/ [final]
            FIELD FIELD_FOR_CAPTURED_VALUE name:$loaded type:kotlin.collections.List<com.hereliesaz.sirmatchalot.audio.SamplerPad> visibility:public/*package*/ [final]
            FUN BRIDGE name:invoke visibility:public modality:OPEN returnType:kotlin.Any?
              VALUE_PARAMETER INSTANCE_RECEIVER kind:DispatchReceiver name:<this> index:0 type:com.hereliesaz.sirmatchalot.ui.SirMatchALotViewModel.placePadsOnDeck.<no name provided>
              VALUE_PARAMETER kind:Regular name:p1 index:1 type:kotlin.Any?
              VALUE_PARAMETER kind:Regular name:p2 index:2 type:kotlin.Any?
              EXPRESSION_BODY
                RETURN type=kotlin.Nothing from='public open fun invoke (p1: kotlin.Any?, p2: kotlin.Any?): kotlin.Any? declared in com.hereliesaz.sirmatchalot.ui.SirMatchALotViewModel.placePadsOnDeck.<no name provided>'
                  CALL 'public final fun invoke (p1: kotlinx.coroutines.CoroutineScope, p2: kotlin.coroutines.Continuation<kotlin.Unit>?): kotlin.Any? declared in com.hereliesaz.sirmatchalot.ui.SirMatchALotViewModel.placePadsOnDeck.<no name provided>' type=kotlin.Any? origin=BRIDGE_DELEGATION
                    ARG <this>: GET_VAR '<this>: com.hereliesaz.sirmatchalot.ui.SirMatchALotViewModel.placePadsOnDeck.<no name provided> declared in com.hereliesaz.sirmatchalot.ui.SirMatchALotViewModel.placePadsOnDeck.<no name provided>.invoke' type=com.hereliesaz.sirmatchalot.ui.SirMatchALotViewModel.placePadsOnDeck.<no name provided> origin=null
                    ARG p1: TYPE_OP type=kotlinx.coroutines.CoroutineScope origin=IMPLICIT_CAST typeOperand=kotlinx.coroutines.CoroutineScope
                      GET_VAR 'p1: kotlin.Any? declared in com.hereliesaz.sirmatchalot.ui.SirMatchALotViewModel.placePadsOnDeck.<no name provided>.invoke' type=kotlin.Any? origin=null
                    ARG p2: TYPE_OP type=kotlin.coroutines.Continuation<*> origin=IMPLICIT_CAST typeOperand=kotlin.coroutines.Continuation<*>
                      GET_VAR 'p2: kotlin.Any? declared in com.hereliesaz.sirmatchalot.ui.SirMatchALotViewModel.placePadsOnDeck.<no name provided>.invoke' type=kotlin.Any? origin=null
          CONSTRUCTOR_CALL 'public/*package*/ constructor <init> (this$0: com.hereliesaz.sirmatchalot.ui.SirMatchALotViewModel, $deck: com.hereliesaz.sirmatchalot.ui.platter.PlatterGeometry.Deck, $engineDeck: com.hereliesaz.sirmatchalot.audio.Deck, $loaded: kotlin.collections.List<com.hereliesaz.sirmatchalot.audio.SamplerPad>, $completion: kotlin.coroutines.Continuation<com.hereliesaz.sirmatchalot.ui.SirMatchALotViewModel.placePadsOnDeck.<no name provided>>?) [primary] declared in com.hereliesaz.sirmatchalot.ui.SirMatchALotViewModel.placePadsOnDeck.<no name provided>' type=com.hereliesaz.sirmatchalot.ui.SirMatchALotViewModel.placePadsOnDeck.<no name provided> origin=null
            ARG this$0: GET_VAR '<this>: com.hereliesaz.sirmatchalot.ui.SirMatchALotViewModel declared in com.hereliesaz.sirmatchalot.ui.SirMatchALotViewModel.placePadsOnDeck' type=com.hereliesaz.sirmatchalot.ui.SirMatchALotViewModel origin=null
            ARG $deck: GET_VAR 'deck: com.hereliesaz.sirmatchalot.ui.platter.PlatterGeometry.Deck declared in com.hereliesaz.sirmatchalot.ui.SirMatchALotViewModel.placePadsOnDeck' type=com.hereliesaz.sirmatchalot.ui.platter.PlatterGeometry.Deck origin=null
            ARG $engineDeck: GET_VAR 'val engineDeck: com.hereliesaz.sirmatchalot.audio.Deck [val] declared in com.hereliesaz.sirmatchalot.ui.SirMatchALotViewModel.placePadsOnDeck' type=com.hereliesaz.sirmatchalot.audio.Deck origin=null
            ARG $loaded: GET_VAR 'val loaded: kotlin.collections.List<com.hereliesaz.sirmatchalot.audio.SamplerPad> [val] declared in com.hereliesaz.sirmatchalot.ui.SirMatchALotViewModel.placePadsOnDeck' type=kotlin.collections.List<com.hereliesaz.sirmatchalot.audio.SamplerPad> origin=null
            ARG $completion: CONST Null type=kotlin.Nothing? value=null
        ARG $mask0: CONST Int type=kotlin.Int value=2
        ARG $handler: CONST Null type=kotlin.Any? value=null
      COMPOSITE type=kotlin.Unit origin=null

	at org.jetbrains.kotlin.backend.jvm.codegen.FunctionCodegen.generate(FunctionCodegen.kt:61)
	at org.jetbrains.kotlin.backend.jvm.codegen.FunctionCodegen.generate$default(FunctionCodegen.kt:54)
	at org.jetbrains.kotlin.backend.jvm.codegen.ClassCodegen.generateMethodNode(ClassCodegen.kt:422)
	at org.jetbrains.kotlin.backend.jvm.codegen.ClassCodegen.generateMethod(ClassCodegen.kt:439)
	at org.jetbrains.kotlin.backend.jvm.codegen.ClassCodegen.generate(ClassCodegen.kt:168)
	at org.jetbrains.kotlin.backend.jvm.JvmIrCodegenFactory.generateFile(JvmIrCodegenFactory.kt:465)
	at org.jetbrains.kotlin.backend.jvm.JvmIrCodegenFactory.invokeCodegen(JvmIrCodegenFactory.kt:431)
	at org.jetbrains.kotlin.cli.jvm.compiler.KotlinToJVMBytecodeCompiler.runCodegen$org_jetbrains_kotlin_cli_jvm(KotlinToJVMBytecodeCompiler.kt:387)
	at org.jetbrains.kotlin.cli.pipeline.jvm.JvmBackendPipelinePhase.executePhase(JvmBackendPipelinePhase.kt:91)
	at org.jetbrains.kotlin.cli.pipeline.jvm.JvmBackendPipelinePhase.executePhase(JvmBackendPipelinePhase.kt:28)
	at org.jetbrains.kotlin.cli.pipeline.PipelinePhase.phaseBody(PipelinePhase.kt:63)
	at org.jetbrains.kotlin.cli.pipeline.PipelinePhase.phaseBody(PipelinePhase.kt:53)
	at org.jetbrains.kotlin.config.phaser.NamedCompilerPhase.invoke(CompilerPhase.kt:102)
	at org.jetbrains.kotlin.backend.common.phaser.CompositePhase.invoke(PhaseBuilders.kt:22)
	at org.jetbrains.kotlin.config.phaser.CompilerPhaseKt.invokeToplevel(CompilerPhase.kt:53)
	at org.jetbrains.kotlin.cli.pipeline.AbstractCliPipeline.runPhasedPipeline(AbstractCliPipeline.kt:135)
	at org.jetbrains.kotlin.cli.pipeline.AbstractCliPipeline.executeAndReturnPipeLineArtifact(AbstractCliPipeline.kt:89)
	at org.jetbrains.kotlin.cli.pipeline.AbstractCliPipeline.executeAndReturnPipeLineArtifact$default(AbstractCliPipeline.kt:49)
	at org.jetbrains.kotlin.cli.pipeline.AbstractCliPipeline.execute(AbstractCliPipeline.kt:40)
	at org.jetbrains.kotlin.cli.jvm.K2JVMCompiler.doExecutePhased(K2JVMCompiler.kt:54)
	at org.jetbrains.kotlin.cli.jvm.K2JVMCompiler.doExecutePhased(K2JVMCompiler.kt:45)
	at org.jetbrains.kotlin.cli.common.CLICompiler.execImpl(CLICompiler.kt:94)
	at org.jetbrains.kotlin.cli.common.CLICompiler.exec(CLICompiler.kt:366)
	at org.jetbrains.kotlin.incremental.IncrementalJvmCompilerRunnerBase.runCompiler(IncrementalJvmCompilerRunnerBase.kt:211)
	at org.jetbrains.kotlin.incremental.IncrementalJvmCompilerRunnerBase.runCompiler(IncrementalJvmCompilerRunnerBase.kt:53)
	at org.jetbrains.kotlin.incremental.IncrementalCompilerRunner.doCompile(IncrementalCompilerRunner.kt:539)
	at org.jetbrains.kotlin.incremental.IncrementalCompilerRunner.compileImpl(IncrementalCompilerRunner.kt:451)
	at org.jetbrains.kotlin.incremental.IncrementalCompilerRunner.tryCompileIncrementally$lambda$0$compile(IncrementalCompilerRunner.kt:271)
	at org.jetbrains.kotlin.incremental.IncrementalCompilerRunner.tryCompileIncrementally(IncrementalCompilerRunner.kt:289)
	at org.jetbrains.kotlin.incremental.IncrementalCompilerRunner.compile(IncrementalCompilerRunner.kt:130)
	at org.jetbrains.kotlin.daemon.CompileServiceImplBase.execIncrementalCompiler(CompileServiceImpl.kt:782)
	at org.jetbrains.kotlin.daemon.CompileServiceImplBase.access$execIncrementalCompiler(CompileServiceImpl.kt:108)
	at org.jetbrains.kotlin.daemon.CompileServiceImpl.compile(CompileServiceImpl.kt:2046)
	at java.base/jdk.internal.reflect.DirectMethodHandleAccessor.invoke(DirectMethodHandleAccessor.java:103)
	at java.base/java.lang.reflect.Method.invoke(Method.java:580)
	at java.rmi/sun.rmi.server.UnicastServerRef.dispatch(UnicastServerRef.java:360)
	at java.rmi/sun.rmi.transport.Transport$1.run(Transport.java:200)
	at java.rmi/sun.rmi.transport.Transport$1.run(Transport.java:197)
	at java.base/java.security.AccessController.doPrivileged(AccessController.java:714)
	at java.rmi/sun.rmi.transport.Transport.serviceCall(Transport.java:196)
	at java.rmi/sun.rmi.transport.tcp.TCPTransport.handleMessages(TCPTransport.java:598)
	at java.rmi/sun.rmi.transport.tcp.TCPTransport$ConnectionHandler.run0(TCPTransport.java:844)
	at java.rmi/sun.rmi.transport.tcp.TCPTransport$ConnectionHandler.lambda$run$0(TCPTransport.java:721)
	at java.base/java.security.AccessController.doPrivileged(AccessController.java:400)
	at java.rmi/sun.rmi.transport.tcp.TCPTransport$ConnectionHandler.run(TCPTransport.java:720)
	at java.base/java.util.concurrent.ThreadPoolExecutor.runWorker(ThreadPoolExecutor.java:1144)
	at java.base/java.util.concurrent.ThreadPoolExecutor$Worker.run(ThreadPoolExecutor.java:642)
	at java.base/java.lang.Thread.run(Thread.java:1583)
Caused by: org.jetbrains.kotlin.codegen.CompilationException: Back-end (JVM) Internal error: Couldn't transform method node:
invokeSuspend (Ljava/lang/Object;)Ljava/lang/Object;:
    // annotable parameter count: 1 (visible)
    // annotable parameter count: 1 (invisible)
    TRYCATCHBLOCK L0 L1 L2 null
    TRYCATCHBLOCK L3 L4 L2 null
    TRYCATCHBLOCK L2 L5 L2 null
   L6
   L7
    LINENUMBER 995 L7
    ALOAD 0
    GETFIELD com/hereliesaz/sirmatchalot/ui/SirMatchALotViewModel$placePadsOnDeck$1.this$0 : Lcom/hereliesaz/sirmatchalot/ui/SirMatchALotViewModel;
    INVOKESTATIC com/hereliesaz/sirmatchalot/ui/SirMatchALotViewModel.access$getWork$p (Lcom/hereliesaz/sirmatchalot/ui/SirMatchALotViewModel;)Lcom/hereliesaz/sirmatchalot/ui/BackgroundWork;
    ASTORE 2
    LDC "pads"
    ASTORE 3
    ALOAD 0
    GETFIELD com/hereliesaz/sirmatchalot/ui/SirMatchALotViewModel$placePadsOnDeck$1.this$0 : Lcom/hereliesaz/sirmatchalot/ui/SirMatchALotViewModel;
    ALOAD 0
    GETFIELD com/hereliesaz/sirmatchalot/ui/SirMatchALotViewModel$placePadsOnDeck$1.$deck : Lcom/hereliesaz/sirmatchalot/ui/platter/PlatterGeometry$Deck;
    INVOKESTATIC com/hereliesaz/sirmatchalot/ui/SirMatchALotViewModel.access$deckLabel (Lcom/hereliesaz/sirmatchalot/ui/SirMatchALotViewModel;Lcom/hereliesaz/sirmatchalot/ui/platter/PlatterGeometry$Deck;)Ljava/lang/String;
    INVOKEDYNAMIC makeConcatWithConstants(Ljava/lang/String;)Ljava/lang/String; [
      // handle kind 0x6 : INVOKESTATIC
      java/lang/invoke/StringConcatFactory.makeConcatWithConstants(Ljava/lang/invoke/MethodHandles$Lookup;Ljava/lang/String;Ljava/lang/invoke/MethodType;Ljava/lang/String;[Ljava/lang/Object;)Ljava/lang/invoke/CallSite;
      // arguments:
      "Placing loops on Deck \u0001"
    ]
    ASTORE 4
    ALOAD 0
    GETFIELD com/hereliesaz/sirmatchalot/ui/SirMatchALotViewModel$placePadsOnDeck$1.$engineDeck : Lcom/hereliesaz/sirmatchalot/audio/Deck;
    ASTORE 6
    ALOAD 0
    GETFIELD com/hereliesaz/sirmatchalot/ui/SirMatchALotViewModel$placePadsOnDeck$1.$loaded : Ljava/util/List;
    ASTORE 7
    ALOAD 0
    GETFIELD com/hereliesaz/sirmatchalot/ui/SirMatchALotViewModel$placePadsOnDeck$1.this$0 : Lcom/hereliesaz/sirmatchalot/ui/SirMatchALotViewModel;
    ASTORE 8
    ALOAD 0
    GETFIELD com/hereliesaz/sirmatchalot/ui/SirMatchALotViewModel$placePadsOnDeck$1.$deck : Lcom/hereliesaz/sirmatchalot/ui/platter/PlatterGeometry$Deck;
    ASTORE 9
    NOP
   L8
    LINENUMBER 2666 L8
   L9
    LINENUMBER 2669 L9
    ACONST_NULL
    ASTORE 5
   L10
    LINENUMBER 2666 L10
    ICONST_0
    ISTORE 10
   L11
    LINENUMBER 2672 L11
    ALOAD 2
    ALOAD 3
    ALOAD 4
    ALOAD 5
    ACONST_NULL
    BIPUSH 8
    ACONST_NULL
    INVOKESTATIC com/hereliesaz/sirmatchalot/ui/BackgroundWork.begin$default (Lcom/hereliesaz/sirmatchalot/ui/BackgroundWork;Ljava/lang/String;Ljava/lang/String;Ljava/lang/String;Ljava/lang/Float;ILjava/lang/Object;)V
   L12
    LINENUMBER 2673 L12
   L13
   L0
    NOP
   L14
    LINENUMBER 2674 L14
    NEW com/hereliesaz/sirmatchalot/ui/BackgroundWork$Handle
    DUP
    ALOAD 2
    ALOAD 3
    INVOKESPECIAL com/hereliesaz/sirmatchalot/ui/BackgroundWork$Handle.<init> (Lcom/hereliesaz/sirmatchalot/ui/BackgroundWork;Ljava/lang/String;)V
    ALOAD 0
    CHECKCAST kotlin/coroutines/Continuation
    ICONST_0
    INVOKESTATIC kotlin/jvm/internal/InlineMarker.mark (I)V
    CHECKCAST kotlin/coroutines/Continuation
    ASTORE 11
    CHECKCAST com/hereliesaz/sirmatchalot/ui/BackgroundWork$Handle
    ASTORE 12
   L15
    ICONST_0
    ISTORE 13
   L16
    LINENUMBER 996 L16
    ALOAD 6
    INVOKEVIRTUAL com/hereliesaz/sirmatchalot/audio/Deck.getClips ()Ljava/util/List;
    CHECKCAST java/lang/Iterable
    INVOKEINTERFACE java/lang/Iterable.iterator ()Ljava/util/Iterator; (itf)
    ASTORE 14
    ALOAD 14
    INVOKEINTERFACE java/util/Iterator.hasNext ()Z (itf)
    IFNE L17
    ACONST_NULL
    GOTO L18
   L17
    ALOAD 14
    INVOKEINTERFACE java/util/Iterator.next ()Ljava/lang/Object; (itf)
    CHECKCAST com/hereliesaz/sirmatchalot/audio/Clip
    ASTORE 15
   L19
    LINENUMBER 2675 L19
   L20
    ICONST_0
    ISTORE 16
   L21
    LINENUMBER 996 L21
    ALOAD 15
    INVOKEVIRTUAL com/hereliesaz/sirmatchalot/audio/Clip.getEndFrame ()I
    GOTO L22
   L22
    INVOKESTATIC kotlin/coroutines/jvm/internal/Boxing.boxInt (I)Ljava/lang/Integer;
   L23
    LINENUMBER 996 L23
    CHECKCAST java/lang/Comparable
    ASTORE 15
   L24
    ALOAD 14
    INVOKEINTERFACE java/util/Iterator.hasNext ()Z (itf)
    IFEQ L25
    ALOAD 14
    INVOKEINTERFACE java/util/Iterator.next ()Ljava/lang/Object; (itf)
    CHECKCAST com/hereliesaz/sirmatchalot/audio/Clip
    ASTORE 16
   L26
    LINENUMBER 2675 L26
   L27
    ICONST_0
    ISTORE 17
   L28
    LINENUMBER 996 L28
    ALOAD 16
    INVOKEVIRTUAL com/hereliesaz/sirmatchalot/audio/Clip.getEndFrame ()I
    GOTO L29
   L29
    INVOKESTATIC kotlin/coroutines/jvm/internal/Boxing.boxInt (I)Ljava/lang/Integer;
   L30
    LINENUMBER 996 L30
    CHECKCAST java/lang/Comparable
    ASTORE 16
    ALOAD 15
    ALOAD 16
    INVOKEINTERFACE java/lang/Comparable.compareTo (Ljava/lang/Object;)I (itf)
    IFGE L24
    ALOAD 16
    ASTORE 15
    GOTO L24
   L25
    ALOAD 15
    GOTO L18
   L18
   L31
    LINENUMBER 996 L31
    CHECKCAST java/lang/Integer
    DUP
    IFNULL L32
    INVOKEVIRTUAL java/lang/Integer.intValue ()I
    GOTO L33
   L32
    POP
    ICONST_0
   L33
    ISTORE 18
   L34
    LINENUMBER 997 L34
    NEW java/util/ArrayList
    DUP
    INVOKESPECIAL java/util/ArrayList.<init> ()V
    ASTORE 19
   L35
    LINENUMBER 998 L35
    ALOAD 7
    INVOKEINTERFACE java/util/List.iterator ()Ljava/util/Iterator; (itf)
    ASTORE 20
   L36
    ALOAD 20
    INVOKEINTERFACE java/util/Iterator.hasNext ()Z (itf)
    IFEQ L37
    ALOAD 20
    INVOKEINTERFACE java/util/Iterator.next ()Ljava/lang/Object; (itf)
    CHECKCAST com/hereliesaz/sirmatchalot/audio/SamplerPad
    ASTORE 14
   L38
    LINENUMBER 999 L38
    ALOAD 14
    INVOKEVIRTUAL com/hereliesaz/sirmatchalot/audio/SamplerPad.getBuffer ()Lcom/hereliesaz/sirmatchalot/audio/PcmBuffer;
    DUP
    IFNULL L39
    GOTO L40
   L39
    POP
    GOTO L36
   L40
    ASTORE 15
   L41
    LINENUMBER 1003 L41
    ALOAD 15
    INVOKEVIRTUAL com/hereliesaz/sirmatchalot/audio/PcmBuffer.getSampleRate ()I
    ALOAD 8
    INVOKEVIRTUAL com/hereliesaz/sirmatchalot/ui/SirMatchALotViewModel.getAudioEngine ()Lcom/hereliesaz/sirmatchalot/audio/AudioEngine;
    INVOKEVIRTUAL com/hereliesaz/sirmatchalot/audio/AudioEngine.getOutput ()Lcom/hereliesaz/sirmatchalot/audio/AudioOutput;
    INVOKEINTERFACE com/hereliesaz/sirmatchalot/audio/AudioOutput.getSampleRate ()I (itf)
    IF_ICMPNE L42
    ALOAD 15
    GOTO L43
   L42
    LINENUMBER 1004 L42
    ALOAD 15
    ALOAD 8
    INVOKEVIRTUAL com/hereliesaz/sirmatchalot/ui/SirMatchALotViewModel.getAudioEngine ()Lcom/hereliesaz/sirmatchalot/audio/AudioEngine;
    INVOKEVIRTUAL com/hereliesaz/sirmatchalot/audio/AudioEngine.getOutput ()Lcom/hereliesaz/sirmatchalot/audio/AudioOutput;
    INVOKEINTERFACE com/hereliesaz/sirmatchalot/audio/AudioOutput.getSampleRate ()I (itf)
    ACONST_NULL
    ICONST_2
    ACONST_NULL
    INVOKESTATIC com/hereliesaz/sirmatchalot/audio/PcmBuffer.resampledTo$default (Lcom/hereliesaz/sirmatchalot/audio/PcmBuffer;ILcom/hereliesaz/sirmatchalot/dsp/SincResampler;ILjava/lang/Object;)Lcom/hereliesaz/sirmatchalot/audio/PcmBuffer;
   L43
    LINENUMBER 1003 L43
   L44
    LINENUMBER 1002 L44
    ASTORE 16
   L45
    LINENUMBER 1005 L45
    ALOAD 8
    ALOAD 14
    INVOKEVIRTUAL com/hereliesaz/sirmatchalot/audio/SamplerPad.getIndex ()I
    INVOKESTATIC com/hereliesaz/sirmatchalot/ui/SirMatchALotViewModel.access$padClipId (Lcom/hereliesaz/sirmatchalot/ui/SirMatchALotViewModel;I)Ljava/lang/String;
    ASTORE 17
   L46
    LINENUMBER 1006 L46
    ALOAD 8
    INVOKESTATIC com/hereliesaz/sirmatchalot/ui/SirMatchALotViewModel.access$getClipTitles$p (Lcom/hereliesaz/sirmatchalot/ui/SirMatchALotViewModel;)Ljava/util/HashMap;
    CHECKCAST java/util/Map
    ASTORE 21
    ALOAD 14
    INVOKEVIRTUAL com/hereliesaz/sirmatchalot/audio/SamplerPad.getLabel ()Ljava/lang/String;
    DUP
    IFNULL L47
    GOTO L48
   L47
    POP
    ALOAD 14
    INVOKEVIRTUAL com/hereliesaz/sirmatchalot/audio/SamplerPad.getIndex ()I
    ICONST_1
    IADD
    INVOKEDYNAMIC makeConcatWithConstants(I)Ljava/lang/String; [
      // handle kind 0x6 : INVOKESTATIC
      java/lang/invoke/StringConcatFactory.makeConcatWithConstants(Ljava/lang/invoke/MethodHandles$Lookup;Ljava/lang/String;Ljava/lang/invoke/MethodType;Ljava/lang/String;[Ljava/lang/Object;)Ljava/lang/invoke/CallSite;
      // arguments:
      "Pad \u0001"
    ]
   L48
    ASTORE 22
    ALOAD 21
    ALOAD 17
    ALOAD 22
    INVOKEINTERFACE java/util/Map.put (Ljava/lang/Object;Ljava/lang/Object;)Ljava/lang/Object; (itf)
    POP
    GOTO L49
   L49
    NOP
   L50
    LINENUMBER 1007 L50
    ALOAD 8
    INVOKESTATIC com/hereliesaz/sirmatchalot/ui/SirMatchALotViewModel.access$getPeaksCache$p (Lcom/hereliesaz/sirmatchalot/ui/SirMatchALotViewModel;)Ljava/util/Map;
    ALOAD 17
    GETSTATIC com/hereliesaz/sirmatchalot/dsp/PeakEnvelope.Companion : Lcom/hereliesaz/sirmatchalot/dsp/PeakEnvelope$Companion;
    ALOAD 16
    INVOKEVIRTUAL com/hereliesaz/sirmatchalot/audio/PcmBuffer.toMonoFloat ()[F
    ICONST_0
    ICONST_2
    ACONST_NULL
    INVOKESTATIC com/hereliesaz/sirmatchalot/dsp/PeakEnvelope$Companion.compute$default (Lcom/hereliesaz/sirmatchalot/dsp/PeakEnvelope$Companion;[FIILjava/lang/Object;)Lcom/hereliesaz/sirmatchalot/dsp/PeakEnvelope;
    INVOKEINTERFACE java/util/Map.put (Ljava/lang/Object;Ljava/lang/Object;)Ljava/lang/Object; (itf)
    POP
    GOTO L51
   L51
    LINENUMBER 1008 L51
    ALOAD 19
   L52
    LINENUMBER 1009 L52
    NEW com/hereliesaz/sirmatchalot/audio/Clip
    DUP
   L53
    LINENUMBER 1010 L53
    ALOAD 17
   L54
    LINENUMBER 1011 L54
    ALOAD 16
   L55
    LINENUMBER 1012 L55
    ILOAD 18
   L56
    LINENUMBER 1009 L56
    FCONST_0
   L57
    LINENUMBER 1013 L57
    ICONST_0
   L58
    LINENUMBER 1009 L58
    BIPUSH 8
    ACONST_NULL
    INVOKESPECIAL com/hereliesaz/sirmatchalot/audio/Clip.<init> (Ljava/lang/String;Lcom/hereliesaz/sirmatchalot/audio/PcmBuffer;IFZILkotlin/jvm/internal/DefaultConstructorMarker;)V
   L59
    LINENUMBER 1008 L59
    INVOKEVIRTUAL java/util/ArrayList.add (Ljava/lang/Object;)Z
    POP
   L60
    LINENUMBER 1016 L60
    ILOAD 18
    ALOAD 16
    INVOKEVIRTUAL com/hereliesaz/sirmatchalot/audio/PcmBuffer.getFrameCount ()I
    IADD
    ISTORE 18
   L61
    GOTO L36
   L37
   L62
    LINENUMBER 1018 L62
    ALOAD 19
    INVOKEVIRTUAL java/util/ArrayList.isEmpty ()Z
    IFEQ L63
    GETSTATIC kotlin/Unit.INSTANCE : Lkotlin/Unit;
   L64
   L65
    LINENUMBER 2679 L65
    ASTORE 28
   L1
   L66
    LINENUMBER 2679 L66
    ALOAD 2
    ALOAD 3
    INVOKEVIRTUAL com/hereliesaz/sirmatchalot/ui/BackgroundWork.end (Ljava/lang/String;)V
    ALOAD 28
   L67
    ARETURN
   L68
   L69
   L70
   L3
   L71
   L63
    LINENUMBER 1020 L63
    ALOAD 6
    ALOAD 6
    INVOKEVIRTUAL com/hereliesaz/sirmatchalot/audio/Deck.getClips ()Ljava/util/List;
    CHECKCAST java/lang/Iterable
    ASTORE 20
    ASTORE 23
   L72
    ICONST_0
    ISTORE 14
   L73
    LINENUMBER 2676 L73
    ALOAD 20
    ASTORE 15
    NEW java/util/ArrayList
    DUP
    INVOKESPECIAL java/util/ArrayList.<init> ()V
    CHECKCAST java/util/Collection
    ASTORE 16
   L74
    ICONST_0
    ISTORE 17
   L75
    LINENUMBER 2677 L75
    ALOAD 15
    INVOKEINTERFACE java/lang/Iterable.iterator ()Ljava/util/Iterator; (itf)
    ASTORE 21
   L76
    ALOAD 21
    INVOKEINTERFACE java/util/Iterator.hasNext ()Z (itf)
    IFEQ L77
    ALOAD 21
    INVOKEINTERFACE java/util/Iterator.next ()Ljava/lang/Object; (itf)
    ASTORE 22
   L78
    ALOAD 22
    CHECKCAST com/hereliesaz/sirmatchalot/audio/Clip
    ASTORE 24
   L79
    ICONST_0
    ISTORE 25
   L80
    LINENUMBER 1020 L80
    ALOAD 24
    INVOKEVIRTUAL com/hereliesaz/sirmatchalot/audio/Clip.getId ()Ljava/lang/String;
    LDC "pad:"
    ICONST_0
    ICONST_2
    ACONST_NULL
    INVOKESTATIC kotlin/text/StringsKt.startsWith$default (Ljava/lang/String;Ljava/lang/String;ZILjava/lang/Object;)Z
    GOTO L81
   L81
    INVOKESTATIC kotlin/coroutines/jvm/internal/Boxing.boxBoolean (Z)Ljava/lang/Boolean;
   L82
    LINENUMBER 2677 L82
    CHECKCAST java/lang/Boolean
    INVOKEVIRTUAL java/lang/Boolean.booleanValue ()Z
    IFNE L76
    ALOAD 16
    ALOAD 22
    INVOKEINTERFACE java/util/Collection.add (Ljava/lang/Object;)Z (itf)
    POP
   L83
    GOTO L76
   L77
    LINENUMBER 2678 L77
    ALOAD 16
   L84
    CHECKCAST java/util/List
   L85
    LINENUMBER 2676 L85
    GOTO L86
   L86
    ALOAD 23
    SWAP
    CHECKCAST java/util/Collection
   L87
    LINENUMBER 1020 L87
    ALOAD 19
    CHECKCAST java/lang/Iterable
    INVOKESTATIC kotlin/collections/CollectionsKt.plus (Ljava/util/Collection;Ljava/lang/Iterable;)Ljava/util/List;
    INVOKEVIRTUAL com/hereliesaz/sirmatchalot/audio/Deck.setClips (Ljava/util/List;)V
   L88
    LINENUMBER 1021 L88
    ALOAD 8
    INVOKESTATIC com/hereliesaz/sirmatchalot/ui/SirMatchALotViewModel.access$republishPlatter (Lcom/hereliesaz/sirmatchalot/ui/SirMatchALotViewModel;)V
   L89
    LINENUMBER 1022 L89
    ALOAD 8
    INVOKESTATIC com/hereliesaz/sirmatchalot/ui/SirMatchALotViewModel.access$get_feedbackMsg$p (Lcom/hereliesaz/sirmatchalot/ui/SirMatchALotViewModel;)Lkotlinx/coroutines/flow/MutableStateFlow;
    ALOAD 19
    INVOKEVIRTUAL java/util/ArrayList.size ()I
    ALOAD 8
    ALOAD 9
    INVOKESTATIC com/hereliesaz/sirmatchalot/ui/SirMatchALotViewModel.access$deckLabel (Lcom/hereliesaz/sirmatchalot/ui/SirMatchALotViewModel;Lcom/hereliesaz/sirmatchalot/ui/platter/PlatterGeometry$Deck;)Ljava/lang/String;
    INVOKEDYNAMIC makeConcatWithConstants(ILjava/lang/String;)Ljava/lang/String; [
      // handle kind 0x6 : INVOKESTATIC
      java/lang/invoke/StringConcatFactory.makeConcatWithConstants(Ljava/lang/invoke/MethodHandles$Lookup;Ljava/lang/String;Ljava/lang/invoke/MethodType;Ljava/lang/String;[Ljava/lang/Object;)Ljava/lang/invoke/CallSite;
      // arguments:
      "Placed \u0001 loops on Deck \u0001"
    ]
    INVOKEINTERFACE kotlinx/coroutines/flow/MutableStateFlow.setValue (Ljava/lang/Object;)V (itf)
   L90
    LINENUMBER 1023 L90
    GETSTATIC kotlin/Unit.INSTANCE : Lkotlin/Unit;
    NOP
    GOTO L91
   L92
   L93
   L91
   L94
    LINENUMBER 2674 L94
    ICONST_1
    INVOKESTATIC kotlin/jvm/internal/InlineMarker.mark (I)V
   L95
    NOP
   L96
    ASTORE 26
   L4
   L97
    LINENUMBER 2679 L97
    ALOAD 2
    ALOAD 3
    INVOKEVIRTUAL com/hereliesaz/sirmatchalot/ui/BackgroundWork.end (Ljava/lang/String;)V
   L98
    LINENUMBER 2680 L98
    GOTO L99
   L2
    LINENUMBER 2679 L2
    ASTORE 27
   L5
    ALOAD 2
    ALOAD 3
    INVOKEVIRTUAL com/hereliesaz/sirmatchalot/ui/BackgroundWork.end (Ljava/lang/String;)V
    ALOAD 27
    ATHROW
   L99
    ALOAD 26
   L100
    LINENUMBER 2673 L100
    NOP
    GOTO L101
   L102
   L103
   L101
    POP
   L104
    LINENUMBER 1024 L104
    NOP
    GETSTATIC kotlin/Unit.INSTANCE : Lkotlin/Unit;
    ARETURN
   L105
    LOCALVARIABLE $i$a$-maxOfOrNull-SirMatchALotViewModel$placePadsOnDeck$1$1$cursor$1\3\996\2 I L21 L22 16
    LOCALVARIABLE it\3 Lcom/hereliesaz/sirmatchalot/audio/Clip; L20 L22 15
    LOCALVARIABLE $i$a$-maxOfOrNull-SirMatchALotViewModel$placePadsOnDeck$1$1$cursor$1\4\996\2 I L28 L29 17
    LOCALVARIABLE it\4 Lcom/hereliesaz/sirmatchalot/audio/Clip; L27 L29 16
    LOCALVARIABLE buffer\2 Lcom/hereliesaz/sirmatchalot/audio/PcmBuffer; L41 L61 15
    LOCALVARIABLE playable\2 Lcom/hereliesaz/sirmatchalot/audio/PcmBuffer; L45 L61 16
    LOCALVARIABLE id\2 Ljava/lang/String; L46 L61 17
    LOCALVARIABLE pad\2 Lcom/hereliesaz/sirmatchalot/audio/SamplerPad; L38 L61 14
    LOCALVARIABLE $i$a$-filterNot-SirMatchALotViewModel$placePadsOnDeck$1$1$1\7\2677\2 I L80 L81 25
    LOCALVARIABLE it\7 Lcom/hereliesaz/sirmatchalot/audio/Clip; L79 L81 24
    LOCALVARIABLE element\6 Ljava/lang/Object; L78 L83 22
    LOCALVARIABLE $i$f$filterNotTo\6\2676 I L75 L84 17
    LOCALVARIABLE $this$filterNotTo\6 Ljava/lang/Iterable; L74 L84 15
    LOCALVARIABLE destination\6 Ljava/util/Collection; L74 L84 16
    LOCALVARIABLE $i$f$filterNot\5\1020 I L73 L86 14
    LOCALVARIABLE $this$filterNot\5 Ljava/lang/Iterable; L72 L86 20
    LOCALVARIABLE $i$a$-track$default-SirMatchALotViewModel$placePadsOnDeck$1$1\2\2674\0 I L16 L64 13
    LOCALVARIABLE cursor\2 I L34 L64 18
    LOCALVARIABLE added\2 Ljava/util/ArrayList; L35 L64 19
    LOCALVARIABLE it\2 Lcom/hereliesaz/sirmatchalot/ui/BackgroundWork$Handle; L15 L64 12
    LOCALVARIABLE $completion\2 Lkotlin/coroutines/Continuation; L15 L64 11
    LOCALVARIABLE $i$f$track\1\995 I L11 L64 10
    LOCALVARIABLE $this\1 Lcom/hereliesaz/sirmatchalot/ui/BackgroundWork; L8 L64 2
    LOCALVARIABLE id\1 Ljava/lang/String; L8 L64 3
    LOCALVARIABLE label\1 Ljava/lang/String; L8 L64 4
    LOCALVARIABLE detail\1 Ljava/lang/String; L10 L64 5
    LOCALVARIABLE $i$f$track\1\995 I L70 L103 10
    LOCALVARIABLE $this\1 Lcom/hereliesaz/sirmatchalot/ui/BackgroundWork; L70 L103 2
    LOCALVARIABLE id\1 Ljava/lang/String; L70 L103 3
    LOCALVARIABLE label\1 Ljava/lang/String; L70 L103 4
    LOCALVARIABLE detail\1 Ljava/lang/String; L70 L103 5
    LOCALVARIABLE $i$a$-track$default-SirMatchALotViewModel$placePadsOnDeck$1$1\2\2674\0 I L70 L93 13
    LOCALVARIABLE cursor\2 I L70 L93 18
    LOCALVARIABLE added\2 Ljava/util/ArrayList; L70 L93 19
    LOCALVARIABLE it\2 Lcom/hereliesaz/sirmatchalot/ui/BackgroundWork$Handle; L70 L93 12
    LOCALVARIABLE $completion\2 Lkotlin/coroutines/Continuation; L70 L93 11
    LOCALVARIABLE $i$f$track\1\995 I L1 L67 10
    LOCALVARIABLE $this\1 Lcom/hereliesaz/sirmatchalot/ui/BackgroundWork; L1 L67 2
    LOCALVARIABLE id\1 Ljava/lang/String; L1 L67 3
    LOCALVARIABLE label\1 Ljava/lang/String; L1 L67 4
    LOCALVARIABLE detail\1 Ljava/lang/String; L1 L67 5
    LOCALVARIABLE this Lcom/hereliesaz/sirmatchalot/ui/SirMatchALotViewModel$placePadsOnDeck$1; L6 L105 0
    LOCALVARIABLE $result Ljava/lang/Object; L6 L105 1
    MAXSTACK = 10
    MAXLOCALS = 29

File is unknown
The root cause java.lang.AssertionError was thrown at: org.jetbrains.kotlin.codegen.coroutines.CoroutineTransformerMethodVisitor.splitTryCatchBlocksContainingSuspensionPoint(CoroutineTransformerMethodVisitor.kt:1467)
	at org.jetbrains.kotlin.codegen.TransformationMethodVisitor.visitEnd(TransformationMethodVisitor.kt:89)
	at org.jetbrains.org.objectweb.asm.tree.MethodNode.accept(MethodNode.java:770)
	at org.jetbrains.kotlin.backend.jvm.codegen.CoroutineCodegenKt.acceptWithStateMachine(CoroutineCodegen.kt:68)
	at org.jetbrains.kotlin.backend.jvm.codegen.ClassCodegen.generateMethod(ClassCodegen.kt:457)
	at org.jetbrains.kotlin.backend.jvm.codegen.ClassCodegen.generate(ClassCodegen.kt:168)
	at org.jetbrains.kotlin.backend.jvm.codegen.ExpressionCodegen.visitClass(ExpressionCodegen.kt:952)
	at org.jetbrains.kotlin.backend.jvm.codegen.ExpressionCodegen.visitClass(ExpressionCodegen.kt:141)
	at org.jetbrains.kotlin.ir.declarations.IrClass.accept(IrClass.kt:72)
	at org.jetbrains.kotlin.backend.jvm.codegen.ExpressionCodegen.visitStatementContainer(ExpressionCodegen.kt:492)
	at org.jetbrains.kotlin.backend.jvm.codegen.ExpressionCodegen.visitContainerExpression(ExpressionCodegen.kt:506)
	at org.jetbrains.kotlin.backend.jvm.codegen.ExpressionCodegen.visitContainerExpression(ExpressionCodegen.kt:141)
	at org.jetbrains.kotlin.ir.visitors.IrVisitor.visitBlock(IrVisitor.kt:125)
	at org.jetbrains.kotlin.backend.jvm.codegen.ExpressionCodegen.visitBlock(ExpressionCodegen.kt:430)
	at org.jetbrains.kotlin.backend.jvm.codegen.ExpressionCodegen.visitBlock(ExpressionCodegen.kt:141)
	at org.jetbrains.kotlin.ir.expressions.IrBlock.accept(IrBlock.kt:18)
	at org.jetbrains.kotlin.backend.jvm.codegen.ExpressionCodegen.gen(ExpressionCodegen.kt:215)
	at org.jetbrains.kotlin.backend.jvm.codegen.IrCallGenerator.genValueAndPut(IrCallGenerator.kt:48)
	at org.jetbrains.kotlin.backend.jvm.codegen.ExpressionCodegen.visitCall$handleParameter(ExpressionCodegen.kt:535)
	at org.jetbrains.kotlin.backend.jvm.codegen.ExpressionCodegen.visitCall(ExpressionCodegen.kt:548)
	at org.jetbrains.kotlin.backend.jvm.codegen.ExpressionCodegen.visitCall(ExpressionCodegen.kt:141)
	at org.jetbrains.kotlin.ir.expressions.IrCall.accept(IrCall.kt:24)
	at org.jetbrains.kotlin.backend.jvm.codegen.ExpressionCodegen.visitStatementContainer(ExpressionCodegen.kt:492)
	at org.jetbrains.kotlin.backend.jvm.codegen.ExpressionCodegen.visitContainerExpression(ExpressionCodegen.kt:506)
	at org.jetbrains.kotlin.backend.jvm.codegen.ExpressionCodegen.visitContainerExpression(ExpressionCodegen.kt:141)
	at org.jetbrains.kotlin.ir.visitors.IrVisitor.visitComposite(IrVisitor.kt:128)
	at org.jetbrains.kotlin.ir.expressions.IrComposite.accept(IrComposite.kt:18)
	at org.jetbrains.kotlin.backend.jvm.codegen.ExpressionCodegen.visitStatementContainer(ExpressionCodegen.kt:492)
	at org.jetbrains.kotlin.backend.jvm.codegen.ExpressionCodegen.visitBlockBody(ExpressionCodegen.kt:497)
	at org.jetbrains.kotlin.backend.jvm.codegen.ExpressionCodegen.visitBlockBody(ExpressionCodegen.kt:141)
	at org.jetbrains.kotlin.ir.expressions.IrBlockBody.accept(IrBlockBody.kt:20)
	at org.jetbrains.kotlin.backend.jvm.codegen.ExpressionCodegen.generate(ExpressionCodegen.kt:234)
	at org.jetbrains.kotlin.backend.jvm.codegen.FunctionCodegen.doGenerate(FunctionCodegen.kt:134)
	at org.jetbrains.kotlin.backend.jvm.codegen.FunctionCodegen.generate(FunctionCodegen.kt:58)
	... 47 more
Caused by: java.lang.AssertionError: Try catch block 52:311 containing marker before suspension point 63 should also contain the marker after suspension point 434
	at org.jetbrains.kotlin.codegen.coroutines.CoroutineTransformerMethodVisitor.splitTryCatchBlocksContainingSuspensionPoint(CoroutineTransformerMethodVisitor.kt:1467)
	at org.jetbrains.kotlin.codegen.coroutines.CoroutineTransformerMethodVisitor.performTransformations(CoroutineTransformerMethodVisitor.kt:143)
	at org.jetbrains.kotlin.codegen.TransformationMethodVisitor.visitEnd(TransformationMethodVisitor.kt:67)
	... 79 more


error message: java.lang.RuntimeException: Exception while generating code for:
FUN name:placePadsOnDeck visibility:public modality:FINAL returnType:kotlin.Unit
  VALUE_PARAMETER kind:DispatchReceiver name:<this> index:0 type:com.hereliesaz.sirmatchalot.ui.SirMatchALotViewModel
  VALUE_PARAMETER kind:Regular name:deck index:1 type:com.hereliesaz.sirmatchalot.ui.platter.PlatterGeometry.Deck
  BLOCK_BODY
    VAR name:loaded type:kotlin.collections.List<com.hereliesaz.sirmatchalot.audio.SamplerPad> [val]
      CALL 'public final fun filter <T> (<this>: kotlin.collections.Iterable<T of kotlin.collections.CollectionsKt.filter>, predicate: kotlin.Function1<T of kotlin.collections.CollectionsKt.filter, kotlin.Boolean>): kotlin.collections.List<T of kotlin.collections.CollectionsKt.filter> [inline] declared in kotlin.collections.CollectionsKt' type=kotlin.collections.List<com.hereliesaz.sirmatchalot.audio.SamplerPad> origin=null
        TYPE_ARG T: com.hereliesaz.sirmatchalot.audio.SamplerPad
        ARG <this>: CALL 'public final fun <get-pads> (): kotlin.collections.List<com.hereliesaz.sirmatchalot.audio.SamplerPad> declared in com.hereliesaz.sirmatchalot.audio.Sampler' type=kotlin.collections.List<com.hereliesaz.sirmatchalot.audio.SamplerPad> origin=GET_PROPERTY
          ARG <this>: CALL 'public final fun <get-sampler> (): com.hereliesaz.sirmatchalot.audio.Sampler declared in com.hereliesaz.sirmatchalot.audio.AudioEngine' type=com.hereliesaz.sirmatchalot.audio.Sampler origin=GET_PROPERTY
            ARG <this>: CALL 'public final fun <get-audioEngine> (): com.hereliesaz.sirmatchalot.audio.AudioEngine declared in com.hereliesaz.sirmatchalot.ui.SirMatchALotViewModel' type=com.hereliesaz.sirmatchalot.audio.AudioEngine origin=GET_PROPERTY
              ARG <this>: GET_VAR '<this>: com.hereliesaz.sirmatchalot.ui.SirMatchALotViewModel declared in com.hereliesaz.sirmatchalot.ui.SirMatchALotViewModel.placePadsOnDeck' type=com.hereliesaz.sirmatchalot.ui.SirMatchALotViewModel origin=IMPLICIT_ARGUMENT
        ARG predicate: RICH_FUNCTION_REFERENCE type=kotlin.Function1<com.hereliesaz.sirmatchalot.audio.SamplerPad, kotlin.Boolean> origin=INLINE_LAMBDA reflectionTarget='null'
          overriddenFunctionSymbol: public abstract fun invoke (p1: P1 of kotlin.Function1): R of kotlin.Function1 [operator] declared in kotlin.Function1
          invoke: FUN INLINE_LAMBDA name:placePadsOnDeck$lambda$0 visibility:private modality:FINAL returnType:kotlin.Boolean
            VALUE_PARAMETER kind:Regular name:it index:0 type:com.hereliesaz.sirmatchalot.audio.SamplerPad
            BLOCK_BODY
              VAR name:$i$a$-filter-SirMatchALotViewModel$placePadsOnDeck$loaded$1 type:kotlin.Int [val]
                CONST Int type=kotlin.Int value=0
              RETURN type=kotlin.Nothing from='private final fun placePadsOnDeck$lambda$0 (it: com.hereliesaz.sirmatchalot.audio.SamplerPad): kotlin.Boolean declared in com.hereliesaz.sirmatchalot.ui.SirMatchALotViewModel.placePadsOnDeck'
                CALL 'public final fun not (): kotlin.Boolean [operator] declared in kotlin.Boolean' type=kotlin.Boolean origin=null
                  ARG <this>: CALL 'public final fun <get-isEmpty> (): kotlin.Boolean declared in com.hereliesaz.sirmatchalot.audio.SamplerPad' type=kotlin.Boolean origin=GET_PROPERTY
                    ARG <this>: GET_VAR 'it: com.hereliesaz.sirmatchalot.audio.SamplerPad declared in com.hereliesaz.sirmatchalot.ui.SirMatchALotViewModel.placePadsOnDeck.placePadsOnDeck$lambda$0' type=com.hereliesaz.sirmatchalot.audio.SamplerPad origin=null
    WHEN type=kotlin.Unit origin=IF
      BRANCH
        if: CALL 'public abstract fun isEmpty (): kotlin.Boolean declared in kotlin.collections.List' type=kotlin.Boolean origin=null
          ARG <this>: GET_VAR 'val loaded: kotlin.collections.List<com.hereliesaz.sirmatchalot.audio.SamplerPad> [val] declared in com.hereliesaz.sirmatchalot.ui.SirMatchALotViewModel.placePadsOnDeck' type=kotlin.collections.List<com.hereliesaz.sirmatchalot.audio.SamplerPad> origin=null
        then: BLOCK type=kotlin.Unit origin=null
          CALL 'public abstract fun <set-value> (<set-?>: T of kotlinx.coroutines.flow.MutableStateFlow): kotlin.Unit declared in kotlinx.coroutines.flow.MutableStateFlow' type=kotlin.Unit origin=EQ
            ARG <this>: GET_FIELD 'FIELD PROPERTY_BACKING_FIELD name:_feedbackMsg type:kotlinx.coroutines.flow.MutableStateFlow<kotlin.String> visibility:private [final]' type=kotlinx.coroutines.flow.MutableStateFlow<kotlin.String> origin=null
              receiver: GET_VAR '<this>: com.hereliesaz.sirmatchalot.ui.SirMatchALotViewModel declared in com.hereliesaz.sirmatchalot.ui.SirMatchALotViewModel.placePadsOnDeck' type=com.hereliesaz.sirmatchalot.ui.SirMatchALotViewModel origin=IMPLICIT_ARGUMENT
            ARG <set-?>: CONST String type=kotlin.String value="No pads loaded to place"
          RETURN type=kotlin.Nothing from='public final fun placePadsOnDeck (deck: com.hereliesaz.sirmatchalot.ui.platter.PlatterGeometry.Deck): kotlin.Unit declared in com.hereliesaz.sirmatchalot.ui.SirMatchALotViewModel'
            GET_FIELD 'FIELD FIELD_FOR_OBJECT_INSTANCE name:INSTANCE type:kotlin.Unit visibility:public [final,static] declared in kotlin.Unit' type=kotlin.Unit origin=null
    VAR name:engineDeck type:com.hereliesaz.sirmatchalot.audio.Deck [val]
      WHEN type=com.hereliesaz.sirmatchalot.audio.Deck origin=IF
        BRANCH
          if: CALL 'public final fun EQEQ (arg0: kotlin.Any?, arg1: kotlin.Any?): kotlin.Boolean declared in kotlin.internal.ir' type=kotlin.Boolean origin=EQEQ
            ARG arg0: GET_VAR 'deck: com.hereliesaz.sirmatchalot.ui.platter.PlatterGeometry.Deck declared in com.hereliesaz.sirmatchalot.ui.SirMatchALotViewModel.placePadsOnDeck' type=com.hereliesaz.sirmatchalot.ui.platter.PlatterGeometry.Deck origin=null
            ARG arg1: GET_FIELD 'FIELD FIELD_FOR_ENUM_ENTRY name:A type:com.hereliesaz.sirmatchalot.ui.platter.PlatterGeometry.Deck visibility:public [final,static] declared in com.hereliesaz.sirmatchalot.ui.platter.PlatterGeometry.Deck' type=com.hereliesaz.sirmatchalot.ui.platter.PlatterGeometry.Deck origin=null
          then: CALL 'public final fun <get-deckA> (): com.hereliesaz.sirmatchalot.audio.Deck declared in com.hereliesaz.sirmatchalot.audio.AudioEngine' type=com.hereliesaz.sirmatchalot.audio.Deck origin=GET_PROPERTY
            ARG <this>: CALL 'public final fun <get-audioEngine> (): com.hereliesaz.sirmatchalot.audio.AudioEngine declared in com.hereliesaz.sirmatchalot.ui.SirMatchALotViewModel' type=com.hereliesaz.sirmatchalot.audio.AudioEngine origin=GET_PROPERTY
              ARG <this>: GET_VAR '<this>: com.hereliesaz.sirmatchalot.ui.SirMatchALotViewModel declared in com.hereliesaz.sirmatchalot.ui.SirMatchALotViewModel.placePadsOnDeck' type=com.hereliesaz.sirmatchalot.ui.SirMatchALotViewModel origin=IMPLICIT_ARGUMENT
        BRANCH
          if: CONST Boolean type=kotlin.Boolean value=true
          then: CALL 'public final fun <get-deckB> (): com.hereliesaz.sirmatchalot.audio.Deck declared in com.hereliesaz.sirmatchalot.audio.AudioEngine' type=com.hereliesaz.sirmatchalot.audio.Deck origin=GET_PROPERTY
            ARG <this>: CALL 'public final fun <get-audioEngine> (): com.hereliesaz.sirmatchalot.audio.AudioEngine declared in com.hereliesaz.sirmatchalot.ui.SirMatchALotViewModel' type=com.hereliesaz.sirmatchalot.audio.AudioEngine origin=GET_PROPERTY
              ARG <this>: GET_VAR '<this>: com.hereliesaz.sirmatchalot.ui.SirMatchALotViewModel declared in com.hereliesaz.sirmatchalot.ui.SirMatchALotViewModel.placePadsOnDeck' type=com.hereliesaz.sirmatchalot.ui.SirMatchALotViewModel origin=IMPLICIT_ARGUMENT
    COMPOSITE type=kotlin.Unit origin=null
      CALL 'public final fun launch$default (<this>: kotlinx.coroutines.CoroutineScope, context: kotlin.coroutines.CoroutineContext?, start: kotlinx.coroutines.CoroutineStart?, block: @[ExtensionFunctionType] kotlin.coroutines.SuspendFunction1<kotlinx.coroutines.CoroutineScope, kotlin.Unit>, $mask0: kotlin.Int, $handler: kotlin.Any?): kotlinx.coroutines.Job declared in kotlinx.coroutines.BuildersKt' type=kotlinx.coroutines.Job origin=DEFAULT_DISPATCH_CALL
        ARG <this>: CALL 'public final fun <get-viewModelScope> (<this>: androidx.lifecycle.ViewModel): kotlinx.coroutines.CoroutineScope declared in androidx.lifecycle.ViewModelKt' type=kotlinx.coroutines.CoroutineScope origin=GET_PROPERTY
          ARG <this>: GET_VAR '<this>: com.hereliesaz.sirmatchalot.ui.SirMatchALotViewModel declared in com.hereliesaz.sirmatchalot.ui.SirMatchALotViewModel.placePadsOnDeck' type=com.hereliesaz.sirmatchalot.ui.SirMatchALotViewModel origin=IMPLICIT_ARGUMENT
        ARG context: CALL 'public final fun <get-Default> (): kotlinx.coroutines.CoroutineDispatcher declared in kotlinx.coroutines.Dispatchers' type=kotlinx.coroutines.CoroutineDispatcher origin=GET_PROPERTY
        ARG start: COMPOSITE type=kotlinx.coroutines.CoroutineStart? origin=DEFAULT_VALUE
          CONST Null type=kotlinx.coroutines.CoroutineStart? value=null
        ARG block: BLOCK type=com.hereliesaz.sirmatchalot.ui.SirMatchALotViewModel.placePadsOnDeck.<no name provided> origin=null
          CLASS SUSPEND_LAMBDA CLASS name:<no name provided> modality:FINAL visibility:public/*package*/ superTypes:[kotlin.coroutines.jvm.internal.SuspendLambda; kotlin.jvm.functions.Function2<kotlinx.coroutines.CoroutineScope, kotlin.coroutines.Continuation<kotlin.Unit>?, kotlin.Any?>]
            thisReceiver: VALUE_PARAMETER INSTANCE_RECEIVER kind:DispatchReceiver name:<this> type:com.hereliesaz.sirmatchalot.ui.SirMatchALotViewModel.placePadsOnDeck.<no name provided>
            FIELD name:label type:kotlin.Int visibility:public/*package*/
            CONSTRUCTOR SUSPEND_LAMBDA visibility:public/*package*/ returnType:com.hereliesaz.sirmatchalot.ui.SirMatchALotViewModel.placePadsOnDeck.<no name provided> [primary]
              VALUE_PARAMETER BOUND_RECEIVER_PARAMETER kind:Regular name:this$0 index:0 type:com.hereliesaz.sirmatchalot.ui.SirMatchALotViewModel
              VALUE_PARAMETER BOUND_VALUE_PARAMETER kind:Regular name:$deck index:1 type:com.hereliesaz.sirmatchalot.ui.platter.PlatterGeometry.Deck
              VALUE_PARAMETER BOUND_VALUE_PARAMETER kind:Regular name:$engineDeck index:2 type:com.hereliesaz.sirmatchalot.audio.Deck
              VALUE_PARAMETER BOUND_VALUE_PARAMETER kind:Regular name:$loaded index:3 type:kotlin.collections.List<com.hereliesaz.sirmatchalot.audio.SamplerPad>
              VALUE_PARAMETER kind:Regular name:$completion index:4 type:kotlin.coroutines.Continuation<com.hereliesaz.sirmatchalot.ui.SirMatchALotViewModel.placePadsOnDeck.<no name provided>>?
              BLOCK_BODY
                SET_FIELD 'FIELD FIELD_FOR_CAPTURED_VALUE name:this$0 type:com.hereliesaz.sirmatchalot.ui.SirMatchALotViewModel visibility:public/*package*/ [final] declared in com.hereliesaz.sirmatchalot.ui.SirMatchALotViewModel.placePadsOnDeck.<no name provided>' type=kotlin.Unit origin=INITIALIZER_OF_FIELD_FOR_CAPTURED_VALUE
                  receiver: GET_VAR '<this>: com.hereliesaz.sirmatchalot.ui.SirMatchALotViewModel.placePadsOnDeck.<no name provided> declared in com.hereliesaz.sirmatchalot.ui.SirMatchALotViewModel.placePadsOnDeck.<no name provided>' type=com.hereliesaz.sirmatchalot.ui.SirMatchALotViewModel.placePadsOnDeck.<no name provided> origin=null
                  value: GET_VAR 'this$0: com.hereliesaz.sirmatchalot.ui.SirMatchALotViewModel declared in com.hereliesaz.sirmatchalot.ui.SirMatchALotViewModel.placePadsOnDeck.<no name provided>.<init>' type=com.hereliesaz.sirmatchalot.ui.SirMatchALotViewModel origin=null
                SET_FIELD 'FIELD FIELD_FOR_CAPTURED_VALUE name:$deck type:com.hereliesaz.sirmatchalot.ui.platter.PlatterGeometry.Deck visibility:public/*package*/ [final] declared in com.hereliesaz.sirmatchalot.ui.SirMatchALotViewModel.placePadsOnDeck.<no name provided>' type=kotlin.Unit origin=INITIALIZER_OF_FIELD_FOR_CAPTURED_VALUE
                  receiver: GET_VAR '<this>: com.hereliesaz.sirmatchalot.ui.SirMatchALotViewModel.placePadsOnDeck.<no name provided> declared in com.hereliesaz.sirmatchalot.ui.SirMatchALotViewModel.placePadsOnDeck.<no name provided>' type=com.hereliesaz.sirmatchalot.ui.SirMatchALotViewModel.placePadsOnDeck.<no name provided> origin=null
                  value: GET_VAR '$deck: com.hereliesaz.sirmatchalot.ui.platter.PlatterGeometry.Deck declared in com.hereliesaz.sirmatchalot.ui.SirMatchALotViewModel.placePadsOnDeck.<no name provided>.<init>' type=com.hereliesaz.sirmatchalot.ui.platter.PlatterGeometry.Deck origin=null
                SET_FIELD 'FIELD FIELD_FOR_CAPTURED_VALUE name:$engineDeck type:com.hereliesaz.sirmatchalot.audio.Deck visibility:public/*package*/ [final] declared in com.hereliesaz.sirmatchalot.ui.SirMatchALotViewModel.placePadsOnDeck.<no name provided>' type=kotlin.Unit origin=INITIALIZER_OF_FIELD_FOR_CAPTURED_VALUE
                  receiver: GET_VAR '<this>: com.hereliesaz.sirmatchalot.ui.SirMatchALotViewModel.placePadsOnDeck.<no name provided> declared in com.hereliesaz.sirmatchalot.ui.SirMatchALotViewModel.placePadsOnDeck.<no name provided>' type=com.hereliesaz.sirmatchalot.ui.SirMatchALotViewModel.placePadsOnDeck.<no name provided> origin=null
                  value: GET_VAR '$engineDeck: com.hereliesaz.sirmatchalot.audio.Deck declared in com.hereliesaz.sirmatchalot.ui.SirMatchALotViewModel.placePadsOnDeck.<no name provided>.<init>' type=com.hereliesaz.sirmatchalot.audio.Deck origin=null
                SET_FIELD 'FIELD FIELD_FOR_CAPTURED_VALUE name:$loaded type:kotlin.collections.List<com.hereliesaz.sirmatchalot.audio.SamplerPad> visibility:public/*package*/ [final] declared in com.hereliesaz.sirmatchalot.ui.SirMatchALotViewModel.placePadsOnDeck.<no name provided>' type=kotlin.Unit origin=INITIALIZER_OF_FIELD_FOR_CAPTURED_VALUE
                  receiver: GET_VAR '<this>: com.hereliesaz.sirmatchalot.ui.SirMatchALotViewModel.placePadsOnDeck.<no name provided> declared in com.hereliesaz.sirmatchalot.ui.SirMatchALotViewModel.placePadsOnDeck.<no name provided>' type=com.hereliesaz.sirmatchalot.ui.SirMatchALotViewModel.placePadsOnDeck.<no name provided> origin=null
                  value: GET_VAR '$loaded: kotlin.collections.List<com.hereliesaz.sirmatchalot.audio.SamplerPad> declared in com.hereliesaz.sirmatchalot.ui.SirMatchALotViewModel.placePadsOnDeck.<no name provided>.<init>' type=kotlin.collections.List<com.hereliesaz.sirmatchalot.audio.SamplerPad> origin=null
                DELEGATING_CONSTRUCTOR_CALL 'public constructor <init> (arity: kotlin.Int, $completion: kotlin.coroutines.Continuation<kotlin.Any?>?) declared in kotlin.coroutines.jvm.internal.SuspendLambda'
                  ARG arity: CONST Int type=kotlin.Int value=2
                  ARG $completion: GET_VAR '$completion: kotlin.coroutines.Continuation<com.hereliesaz.sirmatchalot.ui.SirMatchALotViewModel.placePadsOnDeck.<no name provided>>? declared in com.hereliesaz.sirmatchalot.ui.SirMatchALotViewModel.placePadsOnDeck.<no name provided>.<init>' type=kotlin.coroutines.Continuation<com.hereliesaz.sirmatchalot.ui.SirMatchALotViewModel.placePadsOnDeck.<no name provided>>? origin=null
                BLOCK type=kotlin.Unit origin=null
            FUN name:invokeSuspend visibility:public modality:FINAL returnType:kotlin.Any?
              VALUE_PARAMETER INSTANCE_RECEIVER kind:DispatchReceiver name:<this> index:0 type:com.hereliesaz.sirmatchalot.ui.SirMatchALotViewModel.placePadsOnDeck.<no name provided>
              VALUE_PARAMETER kind:Regular name:$result index:1 type:kotlin.Result<kotlin.Any?>
              overridden:
                protected abstract fun invokeSuspend ($result: kotlin.Result<kotlin.Any?>): kotlin.Any? declared in kotlin.coroutines.jvm.internal.SuspendLambda
              BLOCK_BODY
                TYPE_OP type=kotlin.Unit origin=IMPLICIT_CAST typeOperand=kotlin.Unit
                  CALL 'public final fun track$default <T> ($this: com.hereliesaz.sirmatchalot.ui.BackgroundWork, id: kotlin.String, label: kotlin.String, detail: kotlin.String?, block: kotlin.coroutines.SuspendFunction1<com.hereliesaz.sirmatchalot.ui.BackgroundWork.Handle, T of com.hereliesaz.sirmatchalot.ui.BackgroundWork.track$default>, $completion: kotlin.coroutines.Continuation<T of com.hereliesaz.sirmatchalot.ui.BackgroundWork.track$default>, $mask0: kotlin.Int, $handler: kotlin.Any?): kotlin.Any? [inline,suspend] declared in com.hereliesaz.sirmatchalot.ui.BackgroundWork' type=T of com.hereliesaz.sirmatchalot.ui.BackgroundWork.track$default origin=DEFAULT_DISPATCH_CALL
                    TYPE_ARG T: kotlin.Unit
                    ARG $this: CALL 'public final fun access$getWork$p ($this: com.hereliesaz.sirmatchalot.ui.SirMatchALotViewModel): com.hereliesaz.sirmatchalot.ui.BackgroundWork declared in com.hereliesaz.sirmatchalot.ui.SirMatchALotViewModel' type=com.hereliesaz.sirmatchalot.ui.BackgroundWork origin=null
                      ARG $this: GET_FIELD 'FIELD FIELD_FOR_CAPTURED_VALUE name:this$0 type:com.hereliesaz.sirmatchalot.ui.SirMatchALotViewModel visibility:public/*package*/ [final] declared in com.hereliesaz.sirmatchalot.ui.SirMatchALotViewModel.placePadsOnDeck.<no name provided>' type=com.hereliesaz.sirmatchalot.ui.SirMatchALotViewModel origin=null
                        receiver: GET_VAR '<this>: com.hereliesaz.sirmatchalot.ui.SirMatchALotViewModel.placePadsOnDeck.<no name provided> declared in com.hereliesaz.sirmatchalot.ui.SirMatchALotViewModel.placePadsOnDeck.<no name provided>.invokeSuspend' type=com.hereliesaz.sirmatchalot.ui.SirMatchALotViewModel.placePadsOnDeck.<no name provided> origin=null
                    ARG id: CONST String type=kotlin.String value="pads"
                    ARG label: STRING_CONCATENATION type=kotlin.String
                      CONST String type=kotlin.String value="Placing loops on Deck "
                      CALL 'public final fun access$deckLabel ($this: com.hereliesaz.sirmatchalot.ui.SirMatchALotViewModel, deck: com.hereliesaz.sirmatchalot.ui.platter.PlatterGeometry.Deck): kotlin.String declared in com.hereliesaz.sirmatchalot.ui.SirMatchALotViewModel' type=kotlin.String origin=null
                        ARG $this: GET_FIELD 'FIELD FIELD_FOR_CAPTURED_VALUE name:this$0 type:com.hereliesaz.sirmatchalot.ui.SirMatchALotViewModel visibility:public/*package*/ [final] declared in com.hereliesaz.sirmatchalot.ui.SirMatchALotViewModel.placePadsOnDeck.<no name provided>' type=com.hereliesaz.sirmatchalot.ui.SirMatchALotViewModel origin=null
                          receiver: GET_VAR '<this>: com.hereliesaz.sirmatchalot.ui.SirMatchALotViewModel.placePadsOnDeck.<no name provided> declared in com.hereliesaz.sirmatchalot.ui.SirMatchALotViewModel.placePadsOnDeck.<no name provided>.invokeSuspend' type=com.hereliesaz.sirmatchalot.ui.SirMatchALotViewModel.placePadsOnDeck.<no name provided> origin=null
                        ARG deck: GET_FIELD 'FIELD FIELD_FOR_CAPTURED_VALUE name:$deck type:com.hereliesaz.sirmatchalot.ui.platter.PlatterGeometry.Deck visibility:public/*package*/ [final] declared in com.hereliesaz.sirmatchalot.ui.SirMatchALotViewModel.placePadsOnDeck.<no name provided>' type=com.hereliesaz.sirmatchalot.ui.platter.PlatterGeometry.Deck origin=null
                          receiver: GET_VAR '<this>: com.hereliesaz.sirmatchalot.ui.SirMatchALotViewModel.placePadsOnDeck.<no name provided> declared in com.hereliesaz.sirmatchalot.ui.SirMatchALotViewModel.placePadsOnDeck.<no name provided>.invokeSuspend' type=com.hereliesaz.sirmatchalot.ui.SirMatchALotViewModel.placePadsOnDeck.<no name provided> origin=null
                    ARG detail: COMPOSITE type=kotlin.String? origin=DEFAULT_VALUE
                      CONST Null type=kotlin.String? value=null
                    ARG block: RICH_FUNCTION_REFERENCE type=kotlin.coroutines.SuspendFunction1<com.hereliesaz.sirmatchalot.ui.BackgroundWork.Handle, kotlin.Unit> origin=INLINE_LAMBDA reflectionTarget='null'
                      overriddenFunctionSymbol: public abstract fun invoke (p1: P1 of kotlin.coroutines.SuspendFunction1): R of kotlin.coroutines.SuspendFunction1 [suspend,operator] declared in kotlin.coroutines.SuspendFunction1
                      bound $engineDeck: GET_FIELD 'FIELD FIELD_FOR_CAPTURED_VALUE name:$engineDeck type:com.hereliesaz.sirmatchalot.audio.Deck visibility:public/*package*/ [final] declared in com.hereliesaz.sirmatchalot.ui.SirMatchALotViewModel.placePadsOnDeck.<no name provided>' type=com.hereliesaz.sirmatchalot.audio.Deck origin=null
                        receiver: GET_VAR '<this>: com.hereliesaz.sirmatchalot.ui.SirMatchALotViewModel.placePadsOnDeck.<no name provided> declared in com.hereliesaz.sirmatchalot.ui.SirMatchALotViewModel.placePadsOnDeck.<no name provided>.invokeSuspend' type=com.hereliesaz.sirmatchalot.ui.SirMatchALotViewModel.placePadsOnDeck.<no name provided> origin=null
                      bound $loaded: GET_FIELD 'FIELD FIELD_FOR_CAPTURED_VALUE name:$loaded type:kotlin.collections.List<com.hereliesaz.sirmatchalot.audio.SamplerPad> visibility:public/*package*/ [final] declared in com.hereliesaz.sirmatchalot.ui.SirMatchALotViewModel.placePadsOnDeck.<no name provided>' type=kotlin.collections.List<com.hereliesaz.sirmatchalot.audio.SamplerPad> origin=null
                        receiver: GET_VAR '<this>: com.hereliesaz.sirmatchalot.ui.SirMatchALotViewModel.placePadsOnDeck.<no name provided> declared in com.hereliesaz.sirmatchalot.ui.SirMatchALotViewModel.placePadsOnDeck.<no name provided>.invokeSuspend' type=com.hereliesaz.sirmatchalot.ui.SirMatchALotViewModel.placePadsOnDeck.<no name provided> origin=null
                      bound this$0: GET_FIELD 'FIELD FIELD_FOR_CAPTURED_VALUE name:this$0 type:com.hereliesaz.sirmatchalot.ui.SirMatchALotViewModel visibility:public/*package*/ [final] declared in com.hereliesaz.sirmatchalot.ui.SirMatchALotViewModel.placePadsOnDeck.<no name provided>' type=com.hereliesaz.sirmatchalot.ui.SirMatchALotViewModel origin=null
                        receiver: GET_VAR '<this>: com.hereliesaz.sirmatchalot.ui.SirMatchALotViewModel.placePadsOnDeck.<no name provided> declared in com.hereliesaz.sirmatchalot.ui.SirMatchALotViewModel.placePadsOnDeck.<no name provided>.invokeSuspend' type=com.hereliesaz.sirmatchalot.ui.SirMatchALotViewModel.placePadsOnDeck.<no name provided> origin=null
                      bound $deck: GET_FIELD 'FIELD FIELD_FOR_CAPTURED_VALUE name:$deck type:com.hereliesaz.sirmatchalot.ui.platter.PlatterGeometry.Deck visibility:public/*package*/ [final] declared in com.hereliesaz.sirmatchalot.ui.SirMatchALotViewModel.placePadsOnDeck.<no name provided>' type=com.hereliesaz.sirmatchalot.ui.platter.PlatterGeometry.Deck origin=null
                        receiver: GET_VAR '<this>: com.hereliesaz.sirmatchalot.ui.SirMatchALotViewModel.placePadsOnDeck.<no name provided> declared in com.hereliesaz.sirmatchalot.ui.SirMatchALotViewModel.placePadsOnDeck.<no name provided>.invokeSuspend' type=com.hereliesaz.sirmatchalot.ui.SirMatchALotViewModel.placePadsOnDeck.<no name provided> origin=null
                      invoke: FUN INLINE_LAMBDA name:invokeSuspend$lambda$0 visibility:private modality:FINAL returnType:kotlin.Any? [suspend]
                        VALUE_PARAMETER BOUND_VALUE_PARAMETER kind:Regular name:$engineDeck index:0 type:com.hereliesaz.sirmatchalot.audio.Deck
                        VALUE_PARAMETER BOUND_VALUE_PARAMETER kind:Regular name:$loaded index:1 type:kotlin.collections.List<com.hereliesaz.sirmatchalot.audio.SamplerPad>
                        VALUE_PARAMETER BOUND_VALUE_PARAMETER kind:Regular name:this$0 index:2 type:com.hereliesaz.sirmatchalot.ui.SirMatchALotViewModel
                        VALUE_PARAMETER BOUND_VALUE_PARAMETER kind:Regular name:$deck index:3 type:com.hereliesaz.sirmatchalot.ui.platter.PlatterGeometry.Deck
                        VALUE_PARAMETER kind:Regular name:it index:4 type:com.hereliesaz.sirmatchalot.ui.BackgroundWork.Handle
                        VALUE_PARAMETER CONTINUATION_CLASS kind:Regular name:$completion index:5 type:kotlin.coroutines.Continuation<kotlin.Unit>
                        BLOCK_BODY
                          VAR name:$i$a$-track$default-SirMatchALotViewModel$placePadsOnDeck$1$1 type:kotlin.Int [val]
                            CONST Int type=kotlin.Int value=0
                          VAR name:cursor type:kotlin.Int [var]
                            BLOCK type=kotlin.Int origin=FOLDED_ELVIS
                              WHEN type=kotlin.Int origin=FOLDED_ELVIS
                                BRANCH
                                  if: COMPOSITE type=kotlin.Boolean origin=null
                                    VAR IR_TEMPORARY_VARIABLE name:tmp0_elvis_lhs type:kotlin.Int? [val]
                                      CALL 'public final fun maxOfOrNull <T, R> (<this>: kotlin.collections.Iterable<T of kotlin.collections.CollectionsKt.maxOfOrNull>, selector: kotlin.Function1<T of kotlin.collections.CollectionsKt.maxOfOrNull, R of kotlin.collections.CollectionsKt.maxOfOrNull>): R of kotlin.collections.CollectionsKt.maxOfOrNull? [inline] declared in kotlin.collections.CollectionsKt' type=kotlin.Int? origin=null
                                        TYPE_ARG T: com.hereliesaz.sirmatchalot.audio.Clip
                                        TYPE_ARG R: kotlin.Int
                                        ARG <this>: CALL 'public final fun <get-clips> (): kotlin.collections.List<com.hereliesaz.sirmatchalot.audio.Clip> declared in com.hereliesaz.sirmatchalot.audio.Deck' type=kotlin.collections.List<com.hereliesaz.sirmatchalot.audio.Clip> origin=GET_PROPERTY
                                          ARG <this>: GET_VAR '$engineDeck: com.hereliesaz.sirmatchalot.audio.Deck declared in com.hereliesaz.sirmatchalot.ui.SirMatchALotViewModel.placePadsOnDeck.<no name provided>.invokeSuspend.invokeSuspend$lambda$0' type=com.hereliesaz.sirmatchalot.audio.Deck origin=null
                                        ARG selector: RICH_FUNCTION_REFERENCE type=kotlin.Function1<com.hereliesaz.sirmatchalot.audio.Clip, kotlin.Int> origin=INLINE_LAMBDA reflectionTarget='null'
                                          overriddenFunctionSymbol: public abstract fun invoke (p1: P1 of kotlin.Function1): R of kotlin.Function1 [operator] declared in kotlin.Function1
                                          invoke: FUN INLINE_LAMBDA name:invokeSuspend$lambda$0$0 visibility:private modality:FINAL returnType:kotlin.Int
                                            VALUE_PARAMETER kind:Regular name:it index:0 type:com.hereliesaz.sirmatchalot.audio.Clip
                                            BLOCK_BODY
                                              VAR name:$i$a$-maxOfOrNull-SirMatchALotViewModel$placePadsOnDeck$1$1$cursor$1 type:kotlin.Int [val]
                                                CONST Int type=kotlin.Int value=0
                                              RETURN type=kotlin.Nothing from='private final fun invokeSuspend$lambda$0$0 (it: com.hereliesaz.sirmatchalot.audio.Clip): kotlin.Int declared in com.hereliesaz.sirmatchalot.ui.SirMatchALotViewModel.placePadsOnDeck.<no name provided>.invokeSuspend.invokeSuspend$lambda$0'
                                                CALL 'public final fun <get-endFrame> (): kotlin.Int declared in com.hereliesaz.sirmatchalot.audio.Clip' type=kotlin.Int origin=GET_PROPERTY
                                                  ARG <this>: GET_VAR 'it: com.hereliesaz.sirmatchalot.audio.Clip declared in com.hereliesaz.sirmatchalot.ui.SirMatchALotViewModel.placePadsOnDeck.<no name provided>.invokeSuspend.invokeSuspend$lambda$0.invokeSuspend$lambda$0$0' type=com.hereliesaz.sirmatchalot.audio.Clip origin=null
                                    CALL 'public final fun not (): kotlin.Boolean [operator] declared in kotlin.Boolean' type=kotlin.Boolean origin=null
                                      ARG <this>: CALL 'public final fun EQEQ (arg0: kotlin.Any?, arg1: kotlin.Any?): kotlin.Boolean declared in kotlin.internal.ir' type=kotlin.Boolean origin=null
                                        ARG arg0: GET_VAR 'val tmp0_elvis_lhs: kotlin.Int? [val] declared in com.hereliesaz.sirmatchalot.ui.SirMatchALotViewModel.placePadsOnDeck.<no name provided>.invokeSuspend.invokeSuspend$lambda$0' type=kotlin.Int? origin=null
                                        ARG arg1: CONST Null type=kotlin.Nothing? value=null
                                  then: GET_VAR 'val tmp0_elvis_lhs: kotlin.Int? [val] declared in com.hereliesaz.sirmatchalot.ui.SirMatchALotViewModel.placePadsOnDeck.<no name provided>.invokeSuspend.invokeSuspend$lambda$0' type=kotlin.Int? origin=null
                                BRANCH
                                  if: CONST Boolean type=kotlin.Boolean value=true
                                  then: CONST Int type=kotlin.Int value=0
                          VAR name:added type:java.util.ArrayList<com.hereliesaz.sirmatchalot.audio.Clip> [val]
                            CONSTRUCTOR_CALL 'public constructor <init> () declared in java.util.ArrayList' type=java.util.ArrayList<com.hereliesaz.sirmatchalot.audio.Clip> origin=null
                              TYPE_ARG (of class) E: com.hereliesaz.sirmatchalot.audio.Clip
                          BLOCK type=kotlin.Unit origin=FOR_LOOP
                            VAR FOR_LOOP_ITERATOR name:<iterator> type:kotlin.collections.Iterator<com.hereliesaz.sirmatchalot.audio.SamplerPad> [val]
                              CALL 'public abstract fun iterator (): kotlin.collections.Iterator<E of kotlin.collections.List> [operator] declared in kotlin.collections.List' type=kotlin.collections.Iterator<com.hereliesaz.sirmatchalot.audio.SamplerPad> origin=FOR_LOOP_ITERATOR
                                ARG <this>: GET_VAR '$loaded: kotlin.collections.List<com.hereliesaz.sirmatchalot.audio.SamplerPad> declared in com.hereliesaz.sirmatchalot.ui.SirMatchALotViewModel.placePadsOnDeck.<no name provided>.invokeSuspend.invokeSuspend$lambda$0' type=kotlin.collections.List<com.hereliesaz.sirmatchalot.audio.SamplerPad> origin=null
                            WHILE label=SirMatchALotViewModel$placePadsOnDeck$<no name provided>$invokeSuspend$invokeSuspend$lambda$07 origin=FOR_LOOP_INNER_WHILE
                              condition: CALL 'public abstract fun hasNext (): kotlin.Boolean [operator] declared in kotlin.collections.Iterator' type=kotlin.Boolean origin=FOR_LOOP_HAS_NEXT
                                ARG <this>: GET_VAR 'val <iterator>: kotlin.collections.Iterator<com.hereliesaz.sirmatchalot.audio.SamplerPad> [val] declared in com.hereliesaz.sirmatchalot.ui.SirMatchALotViewModel.placePadsOnDeck.<no name provided>.invokeSuspend.invokeSuspend$lambda$0' type=kotlin.collections.Iterator<com.hereliesaz.sirmatchalot.audio.SamplerPad> origin=null
                              body: BLOCK type=kotlin.Unit origin=FOR_LOOP_INNER_WHILE
                                VAR FOR_LOOP_VARIABLE name:pad type:com.hereliesaz.sirmatchalot.audio.SamplerPad [val]
                                  CALL 'public abstract fun next (): T of kotlin.collections.Iterator [operator] declared in kotlin.collections.Iterator' type=com.hereliesaz.sirmatchalot.audio.SamplerPad origin=FOR_LOOP_NEXT
                                    ARG <this>: GET_VAR 'val <iterator>: kotlin.collections.Iterator<com.hereliesaz.sirmatchalot.audio.SamplerPad> [val] declared in com.hereliesaz.sirmatchalot.ui.SirMatchALotViewModel.placePadsOnDeck.<no name provided>.invokeSuspend.invokeSuspend$lambda$0' type=kotlin.collections.Iterator<com.hereliesaz.sirmatchalot.audio.SamplerPad> origin=null
                                BLOCK type=kotlin.Unit origin=null
                                  VAR name:buffer type:com.hereliesaz.sirmatchalot.audio.PcmBuffer [val]
                                    BLOCK type=com.hereliesaz.sirmatchalot.audio.PcmBuffer origin=FOLDED_ELVIS
                                      WHEN type=com.hereliesaz.sirmatchalot.audio.PcmBuffer origin=FOLDED_ELVIS
                                        BRANCH
                                          if: COMPOSITE type=kotlin.Boolean origin=null
                                            VAR IR_TEMPORARY_VARIABLE name:tmp1_elvis_lhs type:com.hereliesaz.sirmatchalot.audio.PcmBuffer? [val]
                                              CALL 'public final fun <get-buffer> (): com.hereliesaz.sirmatchalot.audio.PcmBuffer? declared in com.hereliesaz.sirmatchalot.audio.SamplerPad' type=com.hereliesaz.sirmatchalot.audio.PcmBuffer? origin=GET_PROPERTY
                                                ARG <this>: GET_VAR 'val pad: com.hereliesaz.sirmatchalot.audio.SamplerPad [val] declared in com.hereliesaz.sirmatchalot.ui.SirMatchALotViewModel.placePadsOnDeck.<no name provided>.invokeSuspend.invokeSuspend$lambda$0' type=com.hereliesaz.sirmatchalot.audio.SamplerPad origin=null
                                            CALL 'public final fun not (): kotlin.Boolean [operator] declared in kotlin.Boolean' type=kotlin.Boolean origin=null
                                              ARG <this>: CALL 'public final fun EQEQ (arg0: kotlin.Any?, arg1: kotlin.Any?): kotlin.Boolean declared in kotlin.internal.ir' type=kotlin.Boolean origin=null
                                                ARG arg0: GET_VAR 'val tmp1_elvis_lhs: com.hereliesaz.sirmatchalot.audio.PcmBuffer? [val] declared in com.hereliesaz.sirmatchalot.ui.SirMatchALotViewModel.placePadsOnDeck.<no name provided>.invokeSuspend.invokeSuspend$lambda$0' type=com.hereliesaz.sirmatchalot.audio.PcmBuffer? origin=null
                                                ARG arg1: CONST Null type=kotlin.Nothing? value=null
                                          then: GET_VAR 'val tmp1_elvis_lhs: com.hereliesaz.sirmatchalot.audio.PcmBuffer? [val] declared in com.hereliesaz.sirmatchalot.ui.SirMatchALotViewModel.placePadsOnDeck.<no name provided>.invokeSuspend.invokeSuspend$lambda$0' type=com.hereliesaz.sirmatchalot.audio.PcmBuffer? origin=null
                                        BRANCH
                                          if: CONST Boolean type=kotlin.Boolean value=true
                                          then: CONTINUE label=null loop.label=SirMatchALotViewModel$placePadsOnDeck$<no name provided>$invokeSuspend$invokeSuspend$lambda$07
                                  VAR name:playable type:com.hereliesaz.sirmatchalot.audio.PcmBuffer [val]
                                    WHEN type=com.hereliesaz.sirmatchalot.audio.PcmBuffer origin=IF
                                      BRANCH
                                        if: CALL 'public final fun EQEQ (arg0: kotlin.Any?, arg1: kotlin.Any?): kotlin.Boolean declared in kotlin.internal.ir' type=kotlin.Boolean origin=EQEQ
                                          ARG arg0: CALL 'public final fun <get-sampleRate> (): kotlin.Int declared in com.hereliesaz.sirmatchalot.audio.PcmBuffer' type=kotlin.Int origin=GET_PROPERTY
                                            ARG <this>: GET_VAR 'val buffer: com.hereliesaz.sirmatchalot.audio.PcmBuffer [val] declared in com.hereliesaz.sirmatchalot.ui.SirMatchALotViewModel.placePadsOnDeck.<no name provided>.invokeSuspend.invokeSuspend$lambda$0' type=com.hereliesaz.sirmatchalot.audio.PcmBuffer origin=null
                                          ARG arg1: CALL 'public abstract fun <get-sampleRate> (): kotlin.Int declared in com.hereliesaz.sirmatchalot.audio.AudioOutput' type=kotlin.Int origin=GET_PROPERTY
                                            ARG <this>: CALL 'public final fun <get-output> (): com.hereliesaz.sirmatchalot.audio.AudioOutput declared in com.hereliesaz.sirmatchalot.audio.AudioEngine' type=com.hereliesaz.sirmatchalot.audio.AudioOutput origin=GET_PROPERTY
                                              ARG <this>: CALL 'public final fun <get-audioEngine> (): com.hereliesaz.sirmatchalot.audio.AudioEngine declared in com.hereliesaz.sirmatchalot.ui.SirMatchALotViewModel' type=com.hereliesaz.sirmatchalot.audio.AudioEngine origin=GET_PROPERTY
                                                ARG <this>: GET_VAR 'this$0: com.hereliesaz.sirmatchalot.ui.SirMatchALotViewModel declared in com.hereliesaz.sirmatchalot.ui.SirMatchALotViewModel.placePadsOnDeck.<no name provided>.invokeSuspend.invokeSuspend$lambda$0' type=com.hereliesaz.sirmatchalot.ui.SirMatchALotViewModel origin=null
                                        then: GET_VAR 'val buffer: com.hereliesaz.sirmatchalot.audio.PcmBuffer [val] declared in com.hereliesaz.sirmatchalot.ui.SirMatchALotViewModel.placePadsOnDeck.<no name provided>.invokeSuspend.invokeSuspend$lambda$0' type=com.hereliesaz.sirmatchalot.audio.PcmBuffer origin=null
                                      BRANCH
                                        if: CONST Boolean type=kotlin.Boolean value=true
                                        then: CALL 'public final fun resampledTo$default ($this: com.hereliesaz.sirmatchalot.audio.PcmBuffer, targetRate: kotlin.Int, resampler: com.hereliesaz.sirmatchalot.dsp.SincResampler?, $mask0: kotlin.Int, $handler: kotlin.Any?): com.hereliesaz.sirmatchalot.audio.PcmBuffer declared in com.hereliesaz.sirmatchalot.audio.PcmBuffer' type=com.hereliesaz.sirmatchalot.audio.PcmBuffer origin=DEFAULT_DISPATCH_CALL
                                          ARG $this: GET_VAR 'val buffer: com.hereliesaz.sirmatchalot.audio.PcmBuffer [val] declared in com.hereliesaz.sirmatchalot.ui.SirMatchALotViewModel.placePadsOnDeck.<no name provided>.invokeSuspend.invokeSuspend$lambda$0' type=com.hereliesaz.sirmatchalot.audio.PcmBuffer origin=null
                                          ARG targetRate: CALL 'public abstract fun <get-sampleRate> (): kotlin.Int declared in com.hereliesaz.sirmatchalot.audio.AudioOutput' type=kotlin.Int origin=GET_PROPERTY
                                            ARG <this>: CALL 'public final fun <get-output> (): com.hereliesaz.sirmatchalot.audio.AudioOutput declared in com.hereliesaz.sirmatchalot.audio.AudioEngine' type=com.hereliesaz.sirmatchalot.audio.AudioOutput origin=GET_PROPERTY
                                              ARG <this>: CALL 'public final fun <get-audioEngine> (): com.hereliesaz.sirmatchalot.audio.AudioEngine declared in com.hereliesaz.sirmatchalot.ui.SirMatchALotViewModel' type=com.hereliesaz.sirmatchalot.audio.AudioEngine origin=GET_PROPERTY
                                                ARG <this>: GET_VAR 'this$0: com.hereliesaz.sirmatchalot.ui.SirMatchALotViewModel declared in com.hereliesaz.sirmatchalot.ui.SirMatchALotViewModel.placePadsOnDeck.<no name provided>.invokeSuspend.invokeSuspend$lambda$0' type=com.hereliesaz.sirmatchalot.ui.SirMatchALotViewModel origin=null
                                          ARG resampler: COMPOSITE type=com.hereliesaz.sirmatchalot.dsp.SincResampler? origin=DEFAULT_VALUE
                                            CONST Null type=com.hereliesaz.sirmatchalot.dsp.SincResampler? value=null
                                          ARG $mask0: CONST Int type=kotlin.Int value=2
                                          ARG $handler: CONST Null type=kotlin.Any? value=null
                                  VAR name:id type:kotlin.String [val]
                                    CALL 'public final fun access$padClipId ($this: com.hereliesaz.sirmatchalot.ui.SirMatchALotViewModel, index: kotlin.Int): kotlin.String declared in com.hereliesaz.sirmatchalot.ui.SirMatchALotViewModel' type=kotlin.String origin=null
                                      ARG $this: GET_VAR 'this$0: com.hereliesaz.sirmatchalot.ui.SirMatchALotViewModel declared in com.hereliesaz.sirmatchalot.ui.SirMatchALotViewModel.placePadsOnDeck.<no name provided>.invokeSuspend.invokeSuspend$lambda$0' type=com.hereliesaz.sirmatchalot.ui.SirMatchALotViewModel origin=null
                                      ARG index: CALL 'public final fun <get-index> (): kotlin.Int declared in com.hereliesaz.sirmatchalot.audio.SamplerPad' type=kotlin.Int origin=GET_PROPERTY
                                        ARG <this>: GET_VAR 'val pad: com.hereliesaz.sirmatchalot.audio.SamplerPad [val] declared in com.hereliesaz.sirmatchalot.ui.SirMatchALotViewModel.placePadsOnDeck.<no name provided>.invokeSuspend.invokeSuspend$lambda$0' type=com.hereliesaz.sirmatchalot.audio.SamplerPad origin=null
                                  CALL 'public final fun set <K, V> (<this>: kotlin.collections.MutableMap<K of kotlin.collections.MapsKt.set, V of kotlin.collections.MapsKt.set>, key: K of kotlin.collections.MapsKt.set, value: V of kotlin.collections.MapsKt.set): kotlin.Unit [inline,operator] declared in kotlin.collections.MapsKt' type=kotlin.Unit origin=EQ
                                    TYPE_ARG K: kotlin.String
                                    TYPE_ARG V: kotlin.String
                                    ARG <this>: CALL 'public final fun access$getClipTitles$p ($this: com.hereliesaz.sirmatchalot.ui.SirMatchALotViewModel): java.util.HashMap<kotlin.String, kotlin.String> declared in com.hereliesaz.sirmatchalot.ui.SirMatchALotViewModel' type=java.util.HashMap<kotlin.String, kotlin.String> origin=null
                                      ARG $this: GET_VAR 'this$0: com.hereliesaz.sirmatchalot.ui.SirMatchALotViewModel declared in com.hereliesaz.sirmatchalot.ui.SirMatchALotViewModel.placePadsOnDeck.<no name provided>.invokeSuspend.invokeSuspend$lambda$0' type=com.hereliesaz.sirmatchalot.ui.SirMatchALotViewModel origin=null
                                    ARG key: GET_VAR 'val id: kotlin.String [val] declared in com.hereliesaz.sirmatchalot.ui.SirMatchALotViewModel.placePadsOnDeck.<no name provided>.invokeSuspend.invokeSuspend$lambda$0' type=kotlin.String origin=null
                                    ARG value: BLOCK type=kotlin.String origin=FOLDED_ELVIS
                                      WHEN type=kotlin.String origin=FOLDED_ELVIS
                                        BRANCH
                                          if: COMPOSITE type=kotlin.Boolean origin=null
                                            VAR IR_TEMPORARY_VARIABLE name:tmp2_elvis_lhs type:kotlin.String? [val]
                                              CALL 'public final fun <get-label> (): kotlin.String? declared in com.hereliesaz.sirmatchalot.audio.SamplerPad' type=kotlin.String? origin=GET_PROPERTY
                                                ARG <this>: GET_VAR 'val pad: com.hereliesaz.sirmatchalot.audio.SamplerPad [val] declared in com.hereliesaz.sirmatchalot.ui.SirMatchALotViewModel.placePadsOnDeck.<no name provided>.invokeSuspend.invokeSuspend$lambda$0' type=com.hereliesaz.sirmatchalot.audio.SamplerPad origin=null
                                            CALL 'public final fun not (): kotlin.Boolean [operator] declared in kotlin.Boolean' type=kotlin.Boolean origin=null
                                              ARG <this>: CALL 'public final fun EQEQ (arg0: kotlin.Any?, arg1: kotlin.Any?): kotlin.Boolean declared in kotlin.internal.ir' type=kotlin.Boolean origin=null
                                                ARG arg0: GET_VAR 'val tmp2_elvis_lhs: kotlin.String? [val] declared in com.hereliesaz.sirmatchalot.ui.SirMatchALotViewModel.placePadsOnDeck.<no name provided>.invokeSuspend.invokeSuspend$lambda$0' type=kotlin.String? origin=null
                                                ARG arg1: CONST Null type=kotlin.Nothing? value=null
                                          then: GET_VAR 'val tmp2_elvis_lhs: kotlin.String? [val] declared in com.hereliesaz.sirmatchalot.ui.SirMatchALotViewModel.placePadsOnDeck.<no name provided>.invokeSuspend.invokeSuspend$lambda$0' type=kotlin.String? origin=null
                                        BRANCH
                                          if: CONST Boolean type=kotlin.Boolean value=true
                                          then: STRING_CONCATENATION type=kotlin.String
                                            CONST String type=kotlin.String value="Pad "
                                            CALL 'public final fun plus (other: kotlin.Int): kotlin.Int [operator] declared in kotlin.Int' type=kotlin.Int origin=PLUS
                                              ARG <this>: CALL 'public final fun <get-index> (): kotlin.Int declared in com.hereliesaz.sirmatchalot.audio.SamplerPad' type=kotlin.Int origin=GET_PROPERTY
                                                ARG <this>: GET_VAR 'val pad: com.hereliesaz.sirmatchalot.audio.SamplerPad [val] declared in com.hereliesaz.sirmatchalot.ui.SirMatchALotViewModel.placePadsOnDeck.<no name provided>.invokeSuspend.invokeSuspend$lambda$0' type=com.hereliesaz.sirmatchalot.audio.SamplerPad origin=null
                                              ARG other: CONST Int type=kotlin.Int value=1
                                  CALL 'public final fun set <K, V> (<this>: kotlin.collections.MutableMap<K of kotlin.collections.MapsKt.set, V of kotlin.collections.MapsKt.set>, key: K of kotlin.collections.MapsKt.set, value: V of kotlin.collections.MapsKt.set): kotlin.Unit [inline,operator] declared in kotlin.collections.MapsKt' type=kotlin.Unit origin=EQ
                                    TYPE_ARG K: kotlin.String
                                    TYPE_ARG V: com.hereliesaz.sirmatchalot.dsp.PeakEnvelope
                                    ARG <this>: CALL 'public final fun access$getPeaksCache$p ($this: com.hereliesaz.sirmatchalot.ui.SirMatchALotViewModel): kotlin.collections.MutableMap<kotlin.String, com.hereliesaz.sirmatchalot.dsp.PeakEnvelope> declared in com.hereliesaz.sirmatchalot.ui.SirMatchALotViewModel' type=kotlin.collections.MutableMap<kotlin.String, com.hereliesaz.sirmatchalot.dsp.PeakEnvelope> origin=null
                                      ARG $this: GET_VAR 'this$0: com.hereliesaz.sirmatchalot.ui.SirMatchALotViewModel declared in com.hereliesaz.sirmatchalot.ui.SirMatchALotViewModel.placePadsOnDeck.<no name provided>.invokeSuspend.invokeSuspend$lambda$0' type=com.hereliesaz.sirmatchalot.ui.SirMatchALotViewModel origin=null
                                    ARG key: GET_VAR 'val id: kotlin.String [val] declared in com.hereliesaz.sirmatchalot.ui.SirMatchALotViewModel.placePadsOnDeck.<no name provided>.invokeSuspend.invokeSuspend$lambda$0' type=kotlin.String origin=null
                                    ARG value: CALL 'public final fun compute$default ($this: com.hereliesaz.sirmatchalot.dsp.PeakEnvelope.Companion, samples: kotlin.FloatArray, buckets: kotlin.Int, $mask0: kotlin.Int, $handler: kotlin.Any?): com.hereliesaz.sirmatchalot.dsp.PeakEnvelope declared in com.hereliesaz.sirmatchalot.dsp.PeakEnvelope.Companion' type=com.hereliesaz.sirmatchalot.dsp.PeakEnvelope origin=DEFAULT_DISPATCH_CALL
                                      ARG $this: GET_FIELD 'FIELD FIELD_FOR_OBJECT_INSTANCE name:Companion type:com.hereliesaz.sirmatchalot.dsp.PeakEnvelope.Companion visibility:public [final,static] declared in com.hereliesaz.sirmatchalot.dsp.PeakEnvelope' type=com.hereliesaz.sirmatchalot.dsp.PeakEnvelope.Companion origin=null
                                      ARG samples: CALL 'public final fun toMonoFloat (): kotlin.FloatArray declared in com.hereliesaz.sirmatchalot.audio.PcmBuffer' type=kotlin.FloatArray origin=null
                                        ARG <this>: GET_VAR 'val playable: com.hereliesaz.sirmatchalot.audio.PcmBuffer [val] declared in com.hereliesaz.sirmatchalot.ui.SirMatchALotViewModel.placePadsOnDeck.<no name provided>.invokeSuspend.invokeSuspend$lambda$0' type=com.hereliesaz.sirmatchalot.audio.PcmBuffer origin=null
                                      ARG buckets: COMPOSITE type=kotlin.Int origin=DEFAULT_VALUE
                                        CONST Int type=kotlin.Int value=0
                                      ARG $mask0: CONST Int type=kotlin.Int value=2
                                      ARG $handler: CONST Null type=kotlin.Any? value=null
                                  COMPOSITE type=kotlin.Unit origin=null
                                    CALL 'public open fun add (p0: @[EnhancedNullability] E of java.util.ArrayList): kotlin.Boolean declared in java.util.ArrayList' type=kotlin.Boolean origin=null
                                      ARG <this>: GET_VAR 'val added: java.util.ArrayList<com.hereliesaz.sirmatchalot.audio.Clip> [val] declared in com.hereliesaz.sirmatchalot.ui.SirMatchALotViewModel.placePadsOnDeck.<no name provided>.invokeSuspend.invokeSuspend$lambda$0' type=java.util.ArrayList<com.hereliesaz.sirmatchalot.audio.Clip> origin=null
                                      ARG p0: CONSTRUCTOR_CALL 'public constructor <init> (id: kotlin.String, buffer: com.hereliesaz.sirmatchalot.audio.PcmBuffer, startFrame: kotlin.Int, gain: kotlin.Float, loop: kotlin.Boolean, $mask0: kotlin.Int, $marker: kotlin.jvm.internal.DefaultConstructorMarker?) declared in com.hereliesaz.sirmatchalot.audio.Clip' type=com.hereliesaz.sirmatchalot.audio.Clip origin=DEFAULT_DISPATCH_CALL
                                        ARG id: GET_VAR 'val id: kotlin.String [val] declared in com.hereliesaz.sirmatchalot.ui.SirMatchALotViewModel.placePadsOnDeck.<no name provided>.invokeSuspend.invokeSuspend$lambda$0' type=kotlin.String origin=null
                                        ARG buffer: GET_VAR 'val playable: com.hereliesaz.sirmatchalot.audio.PcmBuffer [val] declared in com.hereliesaz.sirmatchalot.ui.SirMatchALotViewModel.placePadsOnDeck.<no name provided>.invokeSuspend.invokeSuspend$lambda$0' type=com.hereliesaz.sirmatchalot.audio.PcmBuffer origin=null
                                        ARG startFrame: GET_VAR 'var cursor: kotlin.Int [var] declared in com.hereliesaz.sirmatchalot.ui.SirMatchALotViewModel.placePadsOnDeck.<no name provided>.invokeSuspend.invokeSuspend$lambda$0' type=kotlin.Int origin=null
                                        ARG gain: COMPOSITE type=kotlin.Float origin=DEFAULT_VALUE
                                          CONST Float type=kotlin.Float value=0.0
                                        ARG loop: CONST Boolean type=kotlin.Boolean value=false
                                        ARG $mask0: CONST Int type=kotlin.Int value=8
                                        ARG $marker: CONST Null type=kotlin.jvm.internal.DefaultConstructorMarker? value=null
                                    COMPOSITE type=kotlin.Unit origin=null
                                  SET_VAR 'var cursor: kotlin.Int [var] declared in com.hereliesaz.sirmatchalot.ui.SirMatchALotViewModel.placePadsOnDeck.<no name provided>.invokeSuspend.invokeSuspend$lambda$0' type=kotlin.Unit origin=PLUSEQ
                                    CALL 'public final fun plus (other: kotlin.Int): kotlin.Int [operator] declared in kotlin.Int' type=kotlin.Int origin=PLUSEQ
                                      ARG <this>: GET_VAR 'var cursor: kotlin.Int [var] declared in com.hereliesaz.sirmatchalot.ui.SirMatchALotViewModel.placePadsOnDeck.<no name provided>.invokeSuspend.invokeSuspend$lambda$0' type=kotlin.Int origin=PLUSEQ
                                      ARG other: CALL 'public final fun <get-frameCount> (): kotlin.Int declared in com.hereliesaz.sirmatchalot.audio.PcmBuffer' type=kotlin.Int origin=GET_PROPERTY
                                        ARG <this>: GET_VAR 'val playable: com.hereliesaz.sirmatchalot.audio.PcmBuffer [val] declared in com.hereliesaz.sirmatchalot.ui.SirMatchALotViewModel.placePadsOnDeck.<no name provided>.invokeSuspend.invokeSuspend$lambda$0' type=com.hereliesaz.sirmatchalot.audio.PcmBuffer origin=null
                          WHEN type=kotlin.Unit origin=IF
                            BRANCH
                              if: CALL 'public open fun isEmpty (): kotlin.Boolean declared in java.util.ArrayList' type=kotlin.Boolean origin=null
                                ARG <this>: GET_VAR 'val added: java.util.ArrayList<com.hereliesaz.sirmatchalot.audio.Clip> [val] declared in com.hereliesaz.sirmatchalot.ui.SirMatchALotViewModel.placePadsOnDeck.<no name provided>.invokeSuspend.invokeSuspend$lambda$0' type=java.util.ArrayList<com.hereliesaz.sirmatchalot.audio.Clip> origin=null
                              then: RETURN type=kotlin.Nothing from='public final fun invokeSuspend ($result: kotlin.Result<kotlin.Any?>): kotlin.Any? declared in com.hereliesaz.sirmatchalot.ui.SirMatchALotViewModel.placePadsOnDeck.<no name provided>'
                                GET_FIELD 'FIELD FIELD_FOR_OBJECT_INSTANCE name:INSTANCE type:kotlin.Unit visibility:public [final,static] declared in kotlin.Unit' type=kotlin.Unit origin=null
                          CALL 'public final fun <set-clips> (value: kotlin.collections.List<com.hereliesaz.sirmatchalot.audio.Clip>): kotlin.Unit declared in com.hereliesaz.sirmatchalot.audio.Deck' type=kotlin.Unit origin=EQ
                            ARG <this>: GET_VAR '$engineDeck: com.hereliesaz.sirmatchalot.audio.Deck declared in com.hereliesaz.sirmatchalot.ui.SirMatchALotViewModel.placePadsOnDeck.<no name provided>.invokeSuspend.invokeSuspend$lambda$0' type=com.hereliesaz.sirmatchalot.audio.Deck origin=null
                            ARG value: CALL 'public final fun plus <T> (<this>: kotlin.collections.Collection<T of kotlin.collections.CollectionsKt.plus>, elements: kotlin.collections.Iterable<T of kotlin.collections.CollectionsKt.plus>): kotlin.collections.List<T of kotlin.collections.CollectionsKt.plus> [operator] declared in kotlin.collections.CollectionsKt' type=kotlin.collections.List<com.hereliesaz.sirmatchalot.audio.Clip> origin=PLUS
                              TYPE_ARG T: com.hereliesaz.sirmatchalot.audio.Clip
                              ARG <this>: CALL 'public final fun filterNot <T> (<this>: kotlin.collections.Iterable<T of kotlin.collections.CollectionsKt.filterNot>, predicate: kotlin.Function1<T of kotlin.collections.CollectionsKt.filterNot, kotlin.Boolean>): kotlin.collections.List<T of kotlin.collections.CollectionsKt.filterNot> [inline] declared in kotlin.collections.CollectionsKt' type=kotlin.collections.List<com.hereliesaz.sirmatchalot.audio.Clip> origin=null
                                TYPE_ARG T: com.hereliesaz.sirmatchalot.audio.Clip
                                ARG <this>: CALL 'public final fun <get-clips> (): kotlin.collections.List<com.hereliesaz.sirmatchalot.audio.Clip> declared in com.hereliesaz.sirmatchalot.audio.Deck' type=kotlin.collections.List<com.hereliesaz.sirmatchalot.audio.Clip> origin=GET_PROPERTY
                                  ARG <this>: GET_VAR '$engineDeck: com.hereliesaz.sirmatchalot.audio.Deck declared in com.hereliesaz.sirmatchalot.ui.SirMatchALotViewModel.placePadsOnDeck.<no name provided>.invokeSuspend.invokeSuspend$lambda$0' type=com.hereliesaz.sirmatchalot.audio.Deck origin=null
                                ARG predicate: RICH_FUNCTION_REFERENCE type=kotlin.Function1<com.hereliesaz.sirmatchalot.audio.Clip, kotlin.Boolean> origin=INLINE_LAMBDA reflectionTarget='null'
                                  overriddenFunctionSymbol: public abstract fun invoke (p1: P1 of kotlin.Function1): R of kotlin.Function1 [operator] declared in kotlin.Function1
                                  invoke: FUN INLINE_LAMBDA name:invokeSuspend$lambda$0$1 visibility:private modality:FINAL returnType:kotlin.Boolean
                                    VALUE_PARAMETER kind:Regular name:it index:0 type:com.hereliesaz.sirmatchalot.audio.Clip
                                    BLOCK_BODY
                                      VAR name:$i$a$-filterNot-SirMatchALotViewModel$placePadsOnDeck$1$1$1 type:kotlin.Int [val]
                                        CONST Int type=kotlin.Int value=0
                                      RETURN type=kotlin.Nothing from='private final fun invokeSuspend$lambda$0$1 (it: com.hereliesaz.sirmatchalot.audio.Clip): kotlin.Boolean declared in com.hereliesaz.sirmatchalot.ui.SirMatchALotViewModel.placePadsOnDeck.<no name provided>.invokeSuspend.invokeSuspend$lambda$0'
                                        CALL 'public final fun startsWith$default (<this>: kotlin.String, prefix: kotlin.String, ignoreCase: kotlin.Boolean, $mask0: kotlin.Int, $handler: kotlin.Any?): kotlin.Boolean declared in kotlin.text.StringsKt' type=kotlin.Boolean origin=DEFAULT_DISPATCH_CALL
                                          ARG <this>: CALL 'public final fun <get-id> (): kotlin.String declared in com.hereliesaz.sirmatchalot.audio.Clip' type=kotlin.String origin=GET_PROPERTY
                                            ARG <this>: GET_VAR 'it: com.hereliesaz.sirmatchalot.audio.Clip declared in com.hereliesaz.sirmatchalot.ui.SirMatchALotViewModel.placePadsOnDeck.<no name provided>.invokeSuspend.invokeSuspend$lambda$0.invokeSuspend$lambda$0$1' type=com.hereliesaz.sirmatchalot.audio.Clip origin=null
                                          ARG prefix: CONST String type=kotlin.String value="pad:"
                                          ARG ignoreCase: COMPOSITE type=kotlin.Boolean origin=DEFAULT_VALUE
                                            CONST Boolean type=kotlin.Boolean value=false
                                          ARG $mask0: CONST Int type=kotlin.Int value=2
                                          ARG $handler: CONST Null type=kotlin.Any? value=null
                              ARG elements: GET_VAR 'val added: java.util.ArrayList<com.hereliesaz.sirmatchalot.audio.Clip> [val] declared in com.hereliesaz.sirmatchalot.ui.SirMatchALotViewModel.placePadsOnDeck.<no name provided>.invokeSuspend.invokeSuspend$lambda$0' type=java.util.ArrayList<com.hereliesaz.sirmatchalot.audio.Clip> origin=null
                          CALL 'public final fun access$republishPlatter ($this: com.hereliesaz.sirmatchalot.ui.SirMatchALotViewModel): kotlin.Unit declared in com.hereliesaz.sirmatchalot.ui.SirMatchALotViewModel' type=kotlin.Unit origin=null
                            ARG $this: GET_VAR 'this$0: com.hereliesaz.sirmatchalot.ui.SirMatchALotViewModel declared in com.hereliesaz.sirmatchalot.ui.SirMatchALotViewModel.placePadsOnDeck.<no name provided>.invokeSuspend.invokeSuspend$lambda$0' type=com.hereliesaz.sirmatchalot.ui.SirMatchALotViewModel origin=null
                          CALL 'public abstract fun <set-value> (<set-?>: T of kotlinx.coroutines.flow.MutableStateFlow): kotlin.Unit declared in kotlinx.coroutines.flow.MutableStateFlow' type=kotlin.Unit origin=EQ
                            ARG <this>: CALL 'public final fun access$get_feedbackMsg$p ($this: com.hereliesaz.sirmatchalot.ui.SirMatchALotViewModel): kotlinx.coroutines.flow.MutableStateFlow<kotlin.String> declared in com.hereliesaz.sirmatchalot.ui.SirMatchALotViewModel' type=kotlinx.coroutines.flow.MutableStateFlow<kotlin.String> origin=null
                              ARG $this: GET_VAR 'this$0: com.hereliesaz.sirmatchalot.ui.SirMatchALotViewModel declared in com.hereliesaz.sirmatchalot.ui.SirMatchALotViewModel.placePadsOnDeck.<no name provided>.invokeSuspend.invokeSuspend$lambda$0' type=com.hereliesaz.sirmatchalot.ui.SirMatchALotViewModel origin=null
                            ARG <set-?>: STRING_CONCATENATION type=kotlin.String
                              CONST String type=kotlin.String value="Placed "
                              CALL 'public open fun <get-size> (): kotlin.Int declared in java.util.ArrayList' type=kotlin.Int origin=GET_PROPERTY
                                ARG <this>: GET_VAR 'val added: java.util.ArrayList<com.hereliesaz.sirmatchalot.audio.Clip> [val] declared in com.hereliesaz.sirmatchalot.ui.SirMatchALotViewModel.placePadsOnDeck.<no name provided>.invokeSuspend.invokeSuspend$lambda$0' type=java.util.ArrayList<com.hereliesaz.sirmatchalot.audio.Clip> origin=null
                              CONST String type=kotlin.String value=" loops on Deck "
                              CALL 'public final fun access$deckLabel ($this: com.hereliesaz.sirmatchalot.ui.SirMatchALotViewModel, deck: com.hereliesaz.sirmatchalot.ui.platter.PlatterGeometry.Deck): kotlin.String declared in com.hereliesaz.sirmatchalot.ui.SirMatchALotViewModel' type=kotlin.String origin=null
                                ARG $this: GET_VAR 'this$0: com.hereliesaz.sirmatchalot.ui.SirMatchALotViewModel declared in com.hereliesaz.sirmatchalot.ui.SirMatchALotViewModel.placePadsOnDeck.<no name provided>.invokeSuspend.invokeSuspend$lambda$0' type=com.hereliesaz.sirmatchalot.ui.SirMatchALotViewModel origin=null
                                ARG deck: GET_VAR '$deck: com.hereliesaz.sirmatchalot.ui.platter.PlatterGeometry.Deck declared in com.hereliesaz.sirmatchalot.ui.SirMatchALotViewModel.placePadsOnDeck.<no name provided>.invokeSuspend.invokeSuspend$lambda$0' type=com.hereliesaz.sirmatchalot.ui.platter.PlatterGeometry.Deck origin=null
                    ARG $completion: GET_VAR '<this>: com.hereliesaz.sirmatchalot.ui.SirMatchALotViewModel.placePadsOnDeck.<no name provided> declared in com.hereliesaz.sirmatchalot.ui.SirMatchALotViewModel.placePadsOnDeck.<no name provided>.invokeSuspend' type=com.hereliesaz.sirmatchalot.ui.SirMatchALotViewModel.placePadsOnDeck.<no name provided> origin=null
                    ARG $mask0: CONST Int type=kotlin.Int value=4
                    ARG $handler: CONST Null type=kotlin.Any? value=null
            FUN name:create visibility:public modality:FINAL returnType:kotlin.coroutines.Continuation<kotlin.Unit>
              VALUE_PARAMETER INSTANCE_RECEIVER kind:DispatchReceiver name:<this> index:0 type:com.hereliesaz.sirmatchalot.ui.SirMatchALotViewModel.placePadsOnDeck.<no name provided>
              VALUE_PARAMETER kind:Regular name:value index:1 type:kotlin.Any?
              VALUE_PARAMETER kind:Regular name:$completion index:2 type:kotlin.coroutines.Continuation<kotlin.Nothing>
              overridden:
                public open fun create (value: kotlin.Any?, $completion: kotlin.coroutines.Continuation<kotlin.Nothing>): kotlin.coroutines.Continuation<kotlin.Unit> declared in kotlin.coroutines.jvm.internal.SuspendLambda
              BLOCK_BODY
                RETURN type=kotlin.Nothing from='public final fun create (value: kotlin.Any?, $completion: kotlin.coroutines.Continuation<kotlin.Nothing>): kotlin.coroutines.Continuation<kotlin.Unit> declared in com.hereliesaz.sirmatchalot.ui.SirMatchALotViewModel.placePadsOnDeck.<no name provided>'
                  CONSTRUCTOR_CALL 'public/*package*/ constructor <init> (this$0: com.hereliesaz.sirmatchalot.ui.SirMatchALotViewModel, $deck: com.hereliesaz.sirmatchalot.ui.platter.PlatterGeometry.Deck, $engineDeck: com.hereliesaz.sirmatchalot.audio.Deck, $loaded: kotlin.collections.List<com.hereliesaz.sirmatchalot.audio.SamplerPad>, $completion: kotlin.coroutines.Continuation<com.hereliesaz.sirmatchalot.ui.SirMatchALotViewModel.placePadsOnDeck.<no name provided>>?) [primary] declared in com.hereliesaz.sirmatchalot.ui.SirMatchALotViewModel.placePadsOnDeck.<no name provided>' type=com.hereliesaz.sirmatchalot.ui.SirMatchALotViewModel.placePadsOnDeck.<no name provided> origin=null
                    ARG this$0: GET_FIELD 'FIELD FIELD_FOR_CAPTURED_VALUE name:this$0 type:com.hereliesaz.sirmatchalot.ui.SirMatchALotViewModel visibility:public/*package*/ [final] declared in com.hereliesaz.sirmatchalot.ui.SirMatchALotViewModel.placePadsOnDeck.<no name provided>' type=com.hereliesaz.sirmatchalot.ui.SirMatchALotViewModel origin=null
                      receiver: GET_VAR '<this>: com.hereliesaz.sirmatchalot.ui.SirMatchALotViewModel.placePadsOnDeck.<no name provided> declared in com.hereliesaz.sirmatchalot.ui.SirMatchALotViewModel.placePadsOnDeck.<no name provided>.create' type=com.hereliesaz.sirmatchalot.ui.SirMatchALotViewModel.placePadsOnDeck.<no name provided> origin=null
                    ARG $deck: GET_FIELD 'FIELD FIELD_FOR_CAPTURED_VALUE name:$deck type:com.hereliesaz.sirmatchalot.ui.platter.PlatterGeometry.Deck visibility:public/*package*/ [final] declared in com.hereliesaz.sirmatchalot.ui.SirMatchALotViewModel.placePadsOnDeck.<no name provided>' type=com.hereliesaz.sirmatchalot.ui.platter.PlatterGeometry.Deck origin=null
                      receiver: GET_VAR '<this>: com.hereliesaz.sirmatchalot.ui.SirMatchALotViewModel.placePadsOnDeck.<no name provided> declared in com.hereliesaz.sirmatchalot.ui.SirMatchALotViewModel.placePadsOnDeck.<no name provided>.create' type=com.hereliesaz.sirmatchalot.ui.SirMatchALotViewModel.placePadsOnDeck.<no name provided> origin=null
                    ARG $engineDeck: GET_FIELD 'FIELD FIELD_FOR_CAPTURED_VALUE name:$engineDeck type:com.hereliesaz.sirmatchalot.audio.Deck visibility:public/*package*/ [final] declared in com.hereliesaz.sirmatchalot.ui.SirMatchALotViewModel.placePadsOnDeck.<no name provided>' type=com.hereliesaz.sirmatchalot.audio.Deck origin=null
                      receiver: GET_VAR '<this>: com.hereliesaz.sirmatchalot.ui.SirMatchALotViewModel.placePadsOnDeck.<no name provided> declared in com.hereliesaz.sirmatchalot.ui.SirMatchALotViewModel.placePadsOnDeck.<no name provided>.create' type=com.hereliesaz.sirmatchalot.ui.SirMatchALotViewModel.placePadsOnDeck.<no name provided> origin=null
                    ARG $loaded: GET_FIELD 'FIELD FIELD_FOR_CAPTURED_VALUE name:$loaded type:kotlin.collections.List<com.hereliesaz.sirmatchalot.audio.SamplerPad> visibility:public/*package*/ [final] declared in com.hereliesaz.sirmatchalot.ui.SirMatchALotViewModel.placePadsOnDeck.<no name provided>' type=kotlin.collections.List<com.hereliesaz.sirmatchalot.audio.SamplerPad> origin=null
                      receiver: GET_VAR '<this>: com.hereliesaz.sirmatchalot.ui.SirMatchALotViewModel.placePadsOnDeck.<no name provided> declared in com.hereliesaz.sirmatchalot.ui.SirMatchALotViewModel.placePadsOnDeck.<no name provided>.create' type=com.hereliesaz.sirmatchalot.ui.SirMatchALotViewModel.placePadsOnDeck.<no name provided> origin=null
                    ARG $completion: GET_VAR '$completion: kotlin.coroutines.Continuation<kotlin.Nothing> declared in com.hereliesaz.sirmatchalot.ui.SirMatchALotViewModel.placePadsOnDeck.<no name provided>.create' type=kotlin.coroutines.Continuation<kotlin.Nothing> origin=null
            FUN name:invoke visibility:public modality:FINAL returnType:kotlin.Any?
              VALUE_PARAMETER INSTANCE_RECEIVER kind:DispatchReceiver name:<this> index:0 type:com.hereliesaz.sirmatchalot.ui.SirMatchALotViewModel.placePadsOnDeck.<no name provided>
              VALUE_PARAMETER kind:Regular name:p1 index:1 type:kotlinx.coroutines.CoroutineScope
              VALUE_PARAMETER kind:Regular name:p2 index:2 type:kotlin.coroutines.Continuation<kotlin.Unit>?
              overridden:
                public abstract fun invoke (p1: P1 of kotlin.jvm.functions.Function2, p2: P2 of kotlin.jvm.functions.Function2): R of kotlin.jvm.functions.Function2 declared in kotlin.jvm.functions.Function2
              BLOCK_BODY
                RETURN type=kotlin.Nothing from='public final fun invoke (p1: kotlinx.coroutines.CoroutineScope, p2: kotlin.coroutines.Continuation<kotlin.Unit>?): kotlin.Any? declared in com.hereliesaz.sirmatchalot.ui.SirMatchALotViewModel.placePadsOnDeck.<no name provided>'
                  CALL 'public final fun invokeSuspend ($result: kotlin.Result<kotlin.Any?>): kotlin.Any? declared in com.hereliesaz.sirmatchalot.ui.SirMatchALotViewModel.placePadsOnDeck.<no name provided>' type=kotlin.Any? origin=null
                    ARG <this>: TYPE_OP type=com.hereliesaz.sirmatchalot.ui.SirMatchALotViewModel.placePadsOnDeck.<no name provided> origin=IMPLICIT_CAST typeOperand=com.hereliesaz.sirmatchalot.ui.SirMatchALotViewModel.placePadsOnDeck.<no name provided>
                      CALL 'public final fun create (value: kotlin.Any?, $completion: kotlin.coroutines.Continuation<kotlin.Nothing>): kotlin.coroutines.Continuation<kotlin.Unit> declared in com.hereliesaz.sirmatchalot.ui.SirMatchALotViewModel.placePadsOnDeck.<no name provided>' type=kotlin.coroutines.Continuation<kotlin.Unit> origin=null
                        ARG <this>: GET_VAR '<this>: com.hereliesaz.sirmatchalot.ui.SirMatchALotViewModel.placePadsOnDeck.<no name provided> declared in com.hereliesaz.sirmatchalot.ui.SirMatchALotViewModel.placePadsOnDeck.<no name provided>.invoke' type=com.hereliesaz.sirmatchalot.ui.SirMatchALotViewModel.placePadsOnDeck.<no name provided> origin=null
                        ARG value: GET_VAR 'p1: kotlinx.coroutines.CoroutineScope declared in com.hereliesaz.sirmatchalot.ui.SirMatchALotViewModel.placePadsOnDeck.<no name provided>.invoke' type=kotlinx.coroutines.CoroutineScope origin=null
                        ARG $completion: GET_VAR 'p2: kotlin.coroutines.Continuation<kotlin.Unit>? declared in com.hereliesaz.sirmatchalot.ui.SirMatchALotViewModel.placePadsOnDeck.<no name provided>.invoke' type=kotlin.coroutines.Continuation<kotlin.Unit>? origin=null
                    ARG $result: CALL 'public final fun <unsafe-coerce> <T, R> (v: T of kotlin.jvm.internal.<unsafe-coerce>): R of kotlin.jvm.internal.<unsafe-coerce> declared in kotlin.jvm.internal' type=kotlin.Result<kotlin.Any?> origin=null
                      TYPE_ARG T: kotlin.Any?
                      TYPE_ARG R: kotlin.Result<kotlin.Any?>
                      ARG v: GET_FIELD 'FIELD FIELD_FOR_OBJECT_INSTANCE name:INSTANCE type:kotlin.Unit visibility:public [final,static] declared in kotlin.Unit' type=kotlin.Unit origin=null
            FIELD FIELD_FOR_CAPTURED_VALUE name:this$0 type:com.hereliesaz.sirmatchalot.ui.SirMatchALotViewModel visibility:public/*package*/ [final]
            FIELD FIELD_FOR_CAPTURED_VALUE name:$deck type:com.hereliesaz.sirmatchalot.ui.platter.PlatterGeometry.Deck visibility:public/*package*/ [final]
            FIELD FIELD_FOR_CAPTURED_VALUE name:$engineDeck type:com.hereliesaz.sirmatchalot.audio.Deck visibility:public/*package*/ [final]
            FIELD FIELD_FOR_CAPTURED_VALUE name:$loaded type:kotlin.collections.List<com.hereliesaz.sirmatchalot.audio.SamplerPad> visibility:public/*package*/ [final]
            FUN BRIDGE name:invoke visibility:public modality:OPEN returnType:kotlin.Any?
              VALUE_PARAMETER INSTANCE_RECEIVER kind:DispatchReceiver name:<this> index:0 type:com.hereliesaz.sirmatchalot.ui.SirMatchALotViewModel.placePadsOnDeck.<no name provided>
              VALUE_PARAMETER kind:Regular name:p1 index:1 type:kotlin.Any?
              VALUE_PARAMETER kind:Regular name:p2 index:2 type:kotlin.Any?
              EXPRESSION_BODY
                RETURN type=kotlin.Nothing from='public open fun invoke (p1: kotlin.Any?, p2: kotlin.Any?): kotlin.Any? declared in com.hereliesaz.sirmatchalot.ui.SirMatchALotViewModel.placePadsOnDeck.<no name provided>'
                  CALL 'public final fun invoke (p1: kotlinx.coroutines.CoroutineScope, p2: kotlin.coroutines.Continuation<kotlin.Unit>?): kotlin.Any? declared in com.hereliesaz.sirmatchalot.ui.SirMatchALotViewModel.placePadsOnDeck.<no name provided>' type=kotlin.Any? origin=BRIDGE_DELEGATION
                    ARG <this>: GET_VAR '<this>: com.hereliesaz.sirmatchalot.ui.SirMatchALotViewModel.placePadsOnDeck.<no name provided> declared in com.hereliesaz.sirmatchalot.ui.SirMatchALotViewModel.placePadsOnDeck.<no name provided>.invoke' type=com.hereliesaz.sirmatchalot.ui.SirMatchALotViewModel.placePadsOnDeck.<no name provided> origin=null
                    ARG p1: TYPE_OP type=kotlinx.coroutines.CoroutineScope origin=IMPLICIT_CAST typeOperand=kotlinx.coroutines.CoroutineScope
                      GET_VAR 'p1: kotlin.Any? declared in com.hereliesaz.sirmatchalot.ui.SirMatchALotViewModel.placePadsOnDeck.<no name provided>.invoke' type=kotlin.Any? origin=null
                    ARG p2: TYPE_OP type=kotlin.coroutines.Continuation<*> origin=IMPLICIT_CAST typeOperand=kotlin.coroutines.Continuation<*>
                      GET_VAR 'p2: kotlin.Any? declared in com.hereliesaz.sirmatchalot.ui.SirMatchALotViewModel.placePadsOnDeck.<no name provided>.invoke' type=kotlin.Any? origin=null
          CONSTRUCTOR_CALL 'public/*package*/ constructor <init> (this$0: com.hereliesaz.sirmatchalot.ui.SirMatchALotViewModel, $deck: com.hereliesaz.sirmatchalot.ui.platter.PlatterGeometry.Deck, $engineDeck: com.hereliesaz.sirmatchalot.audio.Deck, $loaded: kotlin.collections.List<com.hereliesaz.sirmatchalot.audio.SamplerPad>, $completion: kotlin.coroutines.Continuation<com.hereliesaz.sirmatchalot.ui.SirMatchALotViewModel.placePadsOnDeck.<no name provided>>?) [primary] declared in com.hereliesaz.sirmatchalot.ui.SirMatchALotViewModel.placePadsOnDeck.<no name provided>' type=com.hereliesaz.sirmatchalot.ui.SirMatchALotViewModel.placePadsOnDeck.<no name provided> origin=null
            ARG this$0: GET_VAR '<this>: com.hereliesaz.sirmatchalot.ui.SirMatchALotViewModel declared in com.hereliesaz.sirmatchalot.ui.SirMatchALotViewModel.placePadsOnDeck' type=com.hereliesaz.sirmatchalot.ui.SirMatchALotViewModel origin=null
            ARG $deck: GET_VAR 'deck: com.hereliesaz.sirmatchalot.ui.platter.PlatterGeometry.Deck declared in com.hereliesaz.sirmatchalot.ui.SirMatchALotViewModel.placePadsOnDeck' type=com.hereliesaz.sirmatchalot.ui.platter.PlatterGeometry.Deck origin=null
            ARG $engineDeck: GET_VAR 'val engineDeck: com.hereliesaz.sirmatchalot.audio.Deck [val] declared in com.hereliesaz.sirmatchalot.ui.SirMatchALotViewModel.placePadsOnDeck' type=com.hereliesaz.sirmatchalot.audio.Deck origin=null
            ARG $loaded: GET_VAR 'val loaded: kotlin.collections.List<com.hereliesaz.sirmatchalot.audio.SamplerPad> [val] declared in com.hereliesaz.sirmatchalot.ui.SirMatchALotViewModel.placePadsOnDeck' type=kotlin.collections.List<com.hereliesaz.sirmatchalot.audio.SamplerPad> origin=null
            ARG $completion: CONST Null type=kotlin.Nothing? value=null
        ARG $mask0: CONST Int type=kotlin.Int value=2
        ARG $handler: CONST Null type=kotlin.Any? value=null
      COMPOSITE type=kotlin.Unit origin=null

	at org.jetbrains.kotlin.backend.jvm.codegen.FunctionCodegen.generate(FunctionCodegen.kt:61)
	at org.jetbrains.kotlin.backend.jvm.codegen.FunctionCodegen.generate$default(FunctionCodegen.kt:54)
	at org.jetbrains.kotlin.backend.jvm.codegen.ClassCodegen.generateMethodNode(ClassCodegen.kt:422)
	at org.jetbrains.kotlin.backend.jvm.codegen.ClassCodegen.generateMethod(ClassCodegen.kt:439)
	at org.jetbrains.kotlin.backend.jvm.codegen.ClassCodegen.generate(ClassCodegen.kt:168)
	at org.jetbrains.kotlin.backend.jvm.JvmIrCodegenFactory.generateFile(JvmIrCodegenFactory.kt:465)
	at org.jetbrains.kotlin.backend.jvm.JvmIrCodegenFactory.invokeCodegen(JvmIrCodegenFactory.kt:431)
	at org.jetbrains.kotlin.cli.jvm.compiler.KotlinToJVMBytecodeCompiler.runCodegen$org_jetbrains_kotlin_cli_jvm(KotlinToJVMBytecodeCompiler.kt:387)
	at org.jetbrains.kotlin.cli.pipeline.jvm.JvmBackendPipelinePhase.executePhase(JvmBackendPipelinePhase.kt:91)
	at org.jetbrains.kotlin.cli.pipeline.jvm.JvmBackendPipelinePhase.executePhase(JvmBackendPipelinePhase.kt:28)
	at org.jetbrains.kotlin.cli.pipeline.PipelinePhase.phaseBody(PipelinePhase.kt:63)
	at org.jetbrains.kotlin.cli.pipeline.PipelinePhase.phaseBody(PipelinePhase.kt:53)
	at org.jetbrains.kotlin.config.phaser.NamedCompilerPhase.invoke(CompilerPhase.kt:102)
	at org.jetbrains.kotlin.backend.common.phaser.CompositePhase.invoke(PhaseBuilders.kt:22)
	at org.jetbrains.kotlin.config.phaser.CompilerPhaseKt.invokeToplevel(CompilerPhase.kt:53)
	at org.jetbrains.kotlin.cli.pipeline.AbstractCliPipeline.runPhasedPipeline(AbstractCliPipeline.kt:135)
	at org.jetbrains.kotlin.cli.pipeline.AbstractCliPipeline.executeAndReturnPipeLineArtifact(AbstractCliPipeline.kt:89)
	at org.jetbrains.kotlin.cli.pipeline.AbstractCliPipeline.executeAndReturnPipeLineArtifact$default(AbstractCliPipeline.kt:49)
	at org.jetbrains.kotlin.cli.pipeline.AbstractCliPipeline.execute(AbstractCliPipeline.kt:40)
	at org.jetbrains.kotlin.cli.jvm.K2JVMCompiler.doExecutePhased(K2JVMCompiler.kt:54)
	at org.jetbrains.kotlin.cli.jvm.K2JVMCompiler.doExecutePhased(K2JVMCompiler.kt:45)
	at org.jetbrains.kotlin.cli.common.CLICompiler.execImpl(CLICompiler.kt:94)
	at org.jetbrains.kotlin.cli.common.CLICompiler.exec(CLICompiler.kt:366)
	at org.jetbrains.kotlin.incremental.IncrementalJvmCompilerRunnerBase.runCompiler(IncrementalJvmCompilerRunnerBase.kt:211)
	at org.jetbrains.kotlin.incremental.IncrementalJvmCompilerRunnerBase.runCompiler(IncrementalJvmCompilerRunnerBase.kt:53)
	at org.jetbrains.kotlin.incremental.IncrementalCompilerRunner.doCompile(IncrementalCompilerRunner.kt:539)
	at org.jetbrains.kotlin.incremental.IncrementalCompilerRunner.compileImpl(IncrementalCompilerRunner.kt:451)
	at org.jetbrains.kotlin.incremental.IncrementalCompilerRunner.tryCompileIncrementally$lambda$0$compile(IncrementalCompilerRunner.kt:271)
	at org.jetbrains.kotlin.incremental.IncrementalCompilerRunner.tryCompileIncrementally(IncrementalCompilerRunner.kt:289)
	at org.jetbrains.kotlin.incremental.IncrementalCompilerRunner.compile(IncrementalCompilerRunner.kt:130)
	at org.jetbrains.kotlin.buildtools.internal.jvm.operations.JvmCompilationOperationImpl.compileIncrementallyInProcess(JvmCompilationOperationImpl.kt:289)
	at org.jetbrains.kotlin.buildtools.internal.jvm.operations.JvmCompilationOperationImpl.compileIncrementallyInProcess(JvmCompilationOperationImpl.kt:55)
	at org.jetbrains.kotlin.buildtools.internal.BaseCompilationOperationImpl.compileInProcess(BaseCompilationOperationImpl.kt:261)
	at org.jetbrains.kotlin.buildtools.internal.jvm.operations.JvmCompilationOperationImpl.compileInProcess(JvmCompilationOperationImpl.kt:222)
	at org.jetbrains.kotlin.buildtools.internal.BaseCompilationOperationImpl.executeCancellableImpl(BaseCompilationOperationImpl.kt:88)
	at org.jetbrains.kotlin.buildtools.internal.BaseCompilationOperationImpl.executeCancellableImpl(BaseCompilationOperationImpl.kt:55)
	at org.jetbrains.kotlin.buildtools.internal.CancellableBuildOperationImpl.executeImpl(CancellableBuildOperationImpl.kt:58)
	at org.jetbrains.kotlin.buildtools.internal.BuildOperationImpl.execute(BuildOperationImpl.kt:33)
	at org.jetbrains.kotlin.buildtools.internal.KotlinToolchainsImpl$BuildSessionImpl.executeOperation$lambda$1(KotlinToolchainsImpl.kt:74)
	at java.base/java.util.concurrent.FutureTask.run(FutureTask.java:317)
	at java.base/java.util.concurrent.ThreadPoolExecutor.runWorker(ThreadPoolExecutor.java:1144)
	at java.base/java.util.concurrent.ThreadPoolExecutor$Worker.run(ThreadPoolExecutor.java:642)
	at java.base/java.lang.Thread.run(Thread.java:1583)
Caused by: org.jetbrains.kotlin.codegen.CompilationException: Back-end (JVM) Internal error: Couldn't transform method node:
invokeSuspend (Ljava/lang/Object;)Ljava/lang/Object;:
    // annotable parameter count: 1 (visible)
    // annotable parameter count: 1 (invisible)
    TRYCATCHBLOCK L0 L1 L2 null
    TRYCATCHBLOCK L3 L4 L2 null
    TRYCATCHBLOCK L5 L6 L2 null
    TRYCATCHBLOCK L2 L7 L2 null
   L8
   L9
    LINENUMBER 995 L9
    ALOAD 0
    GETFIELD com/hereliesaz/sirmatchalot/ui/SirMatchALotViewModel$placePadsOnDeck$1.this$0 : Lcom/hereliesaz/sirmatchalot/ui/SirMatchALotViewModel;
    INVOKESTATIC com/hereliesaz/sirmatchalot/ui/SirMatchALotViewModel.access$getWork$p (Lcom/hereliesaz/sirmatchalot/ui/SirMatchALotViewModel;)Lcom/hereliesaz/sirmatchalot/ui/BackgroundWork;
    ASTORE 2
    LDC "pads"
    ASTORE 3
    ALOAD 0
    GETFIELD com/hereliesaz/sirmatchalot/ui/SirMatchALotViewModel$placePadsOnDeck$1.this$0 : Lcom/hereliesaz/sirmatchalot/ui/SirMatchALotViewModel;
    ALOAD 0
    GETFIELD com/hereliesaz/sirmatchalot/ui/SirMatchALotViewModel$placePadsOnDeck$1.$deck : Lcom/hereliesaz/sirmatchalot/ui/platter/PlatterGeometry$Deck;
    INVOKESTATIC com/hereliesaz/sirmatchalot/ui/SirMatchALotViewModel.access$deckLabel (Lcom/hereliesaz/sirmatchalot/ui/SirMatchALotViewModel;Lcom/hereliesaz/sirmatchalot/ui/platter/PlatterGeometry$Deck;)Ljava/lang/String;
    INVOKEDYNAMIC makeConcatWithConstants(Ljava/lang/String;)Ljava/lang/String; [
      // handle kind 0x6 : INVOKESTATIC
      java/lang/invoke/StringConcatFactory.makeConcatWithConstants(Ljava/lang/invoke/MethodHandles$Lookup;Ljava/lang/String;Ljava/lang/invoke/MethodType;Ljava/lang/String;[Ljava/lang/Object;)Ljava/lang/invoke/CallSite;
      // arguments:
      "Placing loops on Deck \u0001"
    ]
    ASTORE 4
    ALOAD 0
    GETFIELD com/hereliesaz/sirmatchalot/ui/SirMatchALotViewModel$placePadsOnDeck$1.$engineDeck : Lcom/hereliesaz/sirmatchalot/audio/Deck;
    ASTORE 6
    ALOAD 0
    GETFIELD com/hereliesaz/sirmatchalot/ui/SirMatchALotViewModel$placePadsOnDeck$1.$loaded : Ljava/util/List;
    ASTORE 7
    ALOAD 0
    GETFIELD com/hereliesaz/sirmatchalot/ui/SirMatchALotViewModel$placePadsOnDeck$1.this$0 : Lcom/hereliesaz/sirmatchalot/ui/SirMatchALotViewModel;
    ASTORE 8
    ALOAD 0
    GETFIELD com/hereliesaz/sirmatchalot/ui/SirMatchALotViewModel$placePadsOnDeck$1.$deck : Lcom/hereliesaz/sirmatchalot/ui/platter/PlatterGeometry$Deck;
    ASTORE 9
    NOP
   L10
    LINENUMBER 2666 L10
   L11
    LINENUMBER 2669 L11
    ACONST_NULL
    ASTORE 5
   L12
    LINENUMBER 2666 L12
    ICONST_0
    ISTORE 10
   L13
    LINENUMBER 2672 L13
    ALOAD 2
    ALOAD 3
    ALOAD 4
    ALOAD 5
    ACONST_NULL
    BIPUSH 8
    ACONST_NULL
    INVOKESTATIC com/hereliesaz/sirmatchalot/ui/BackgroundWork.begin$default (Lcom/hereliesaz/sirmatchalot/ui/BackgroundWork;Ljava/lang/String;Ljava/lang/String;Ljava/lang/String;Ljava/lang/Float;ILjava/lang/Object;)V
   L14
    LINENUMBER 2673 L14
   L15
   L0
    NOP
   L16
    LINENUMBER 2674 L16
    NEW com/hereliesaz/sirmatchalot/ui/BackgroundWork$Handle
    DUP
    ALOAD 2
    ALOAD 3
    INVOKESPECIAL com/hereliesaz/sirmatchalot/ui/BackgroundWork$Handle.<init> (Lcom/hereliesaz/sirmatchalot/ui/BackgroundWork;Ljava/lang/String;)V
    ALOAD 0
    CHECKCAST kotlin/coroutines/Continuation
    ICONST_0
    INVOKESTATIC kotlin/jvm/internal/InlineMarker.mark (I)V
    CHECKCAST kotlin/coroutines/Continuation
    ASTORE 11
    CHECKCAST com/hereliesaz/sirmatchalot/ui/BackgroundWork$Handle
    ASTORE 12
   L17
    ICONST_0
    ISTORE 13
   L18
    LINENUMBER 996 L18
    ALOAD 6
    INVOKEVIRTUAL com/hereliesaz/sirmatchalot/audio/Deck.getClips ()Ljava/util/List;
    CHECKCAST java/lang/Iterable
    INVOKEINTERFACE java/lang/Iterable.iterator ()Ljava/util/Iterator; (itf)
    ASTORE 14
    ALOAD 14
    INVOKEINTERFACE java/util/Iterator.hasNext ()Z (itf)
    IFNE L19
    ACONST_NULL
    GOTO L20
   L19
    ALOAD 14
    INVOKEINTERFACE java/util/Iterator.next ()Ljava/lang/Object; (itf)
    CHECKCAST com/hereliesaz/sirmatchalot/audio/Clip
    ASTORE 15
   L21
    LINENUMBER 2675 L21
   L22
    ICONST_0
    ISTORE 16
   L23
    LINENUMBER 996 L23
    ALOAD 15
    INVOKEVIRTUAL com/hereliesaz/sirmatchalot/audio/Clip.getEndFrame ()I
    GOTO L24
   L24
    INVOKESTATIC kotlin/coroutines/jvm/internal/Boxing.boxInt (I)Ljava/lang/Integer;
   L25
    LINENUMBER 996 L25
    CHECKCAST java/lang/Comparable
    ASTORE 15
   L26
    ALOAD 14
    INVOKEINTERFACE java/util/Iterator.hasNext ()Z (itf)
    IFEQ L27
    ALOAD 14
    INVOKEINTERFACE java/util/Iterator.next ()Ljava/lang/Object; (itf)
    CHECKCAST com/hereliesaz/sirmatchalot/audio/Clip
    ASTORE 16
   L28
    LINENUMBER 2675 L28
   L29
    ICONST_0
    ISTORE 17
   L30
    LINENUMBER 996 L30
    ALOAD 16
    INVOKEVIRTUAL com/hereliesaz/sirmatchalot/audio/Clip.getEndFrame ()I
    GOTO L31
   L31
    INVOKESTATIC kotlin/coroutines/jvm/internal/Boxing.boxInt (I)Ljava/lang/Integer;
   L32
    LINENUMBER 996 L32
    CHECKCAST java/lang/Comparable
    ASTORE 16
    ALOAD 15
    ALOAD 16
    INVOKEINTERFACE java/lang/Comparable.compareTo (Ljava/lang/Object;)I (itf)
    IFGE L26
    ALOAD 16
    ASTORE 15
    GOTO L26
   L27
    ALOAD 15
    GOTO L20
   L20
   L33
    LINENUMBER 996 L33
    CHECKCAST java/lang/Integer
    DUP
    IFNULL L34
    INVOKEVIRTUAL java/lang/Integer.intValue ()I
    GOTO L35
   L34
    POP
    ICONST_0
   L35
    ISTORE 18
   L36
    LINENUMBER 997 L36
    NEW java/util/ArrayList
    DUP
    INVOKESPECIAL java/util/ArrayList.<init> ()V
    ASTORE 19
   L37
    LINENUMBER 998 L37
    ALOAD 7
    INVOKEINTERFACE java/util/List.iterator ()Ljava/util/Iterator; (itf)
    ASTORE 20
   L38
    ALOAD 20
    INVOKEINTERFACE java/util/Iterator.hasNext ()Z (itf)
    IFEQ L39
    ALOAD 20
    INVOKEINTERFACE java/util/Iterator.next ()Ljava/lang/Object; (itf)
    CHECKCAST com/hereliesaz/sirmatchalot/audio/SamplerPad
    ASTORE 14
   L40
    LINENUMBER 999 L40
    ALOAD 14
    INVOKEVIRTUAL com/hereliesaz/sirmatchalot/audio/SamplerPad.getBuffer ()Lcom/hereliesaz/sirmatchalot/audio/PcmBuffer;
    DUP
    IFNULL L41
    GOTO L42
   L41
    POP
    GOTO L38
   L42
    ASTORE 15
   L43
    LINENUMBER 1003 L43
    ALOAD 15
    INVOKEVIRTUAL com/hereliesaz/sirmatchalot/audio/PcmBuffer.getSampleRate ()I
    ALOAD 8
    INVOKEVIRTUAL com/hereliesaz/sirmatchalot/ui/SirMatchALotViewModel.getAudioEngine ()Lcom/hereliesaz/sirmatchalot/audio/AudioEngine;
    INVOKEVIRTUAL com/hereliesaz/sirmatchalot/audio/AudioEngine.getOutput ()Lcom/hereliesaz/sirmatchalot/audio/AudioOutput;
    INVOKEINTERFACE com/hereliesaz/sirmatchalot/audio/AudioOutput.getSampleRate ()I (itf)
    IF_ICMPNE L44
    ALOAD 15
    GOTO L45
   L44
    LINENUMBER 1004 L44
    ALOAD 15
    ALOAD 8
    INVOKEVIRTUAL com/hereliesaz/sirmatchalot/ui/SirMatchALotViewModel.getAudioEngine ()Lcom/hereliesaz/sirmatchalot/audio/AudioEngine;
    INVOKEVIRTUAL com/hereliesaz/sirmatchalot/audio/AudioEngine.getOutput ()Lcom/hereliesaz/sirmatchalot/audio/AudioOutput;
    INVOKEINTERFACE com/hereliesaz/sirmatchalot/audio/AudioOutput.getSampleRate ()I (itf)
    ACONST_NULL
    ICONST_2
    ACONST_NULL
    INVOKESTATIC com/hereliesaz/sirmatchalot/audio/PcmBuffer.resampledTo$default (Lcom/hereliesaz/sirmatchalot/audio/PcmBuffer;ILcom/hereliesaz/sirmatchalot/dsp/SincResampler;ILjava/lang/Object;)Lcom/hereliesaz/sirmatchalot/audio/PcmBuffer;
   L45
    LINENUMBER 1003 L45
   L46
    LINENUMBER 1002 L46
    ASTORE 16
   L47
    LINENUMBER 1005 L47
    ALOAD 8
    ALOAD 14
    INVOKEVIRTUAL com/hereliesaz/sirmatchalot/audio/SamplerPad.getIndex ()I
    INVOKESTATIC com/hereliesaz/sirmatchalot/ui/SirMatchALotViewModel.access$padClipId (Lcom/hereliesaz/sirmatchalot/ui/SirMatchALotViewModel;I)Ljava/lang/String;
    ASTORE 17
   L48
    LINENUMBER 1006 L48
    ALOAD 8
    INVOKESTATIC com/hereliesaz/sirmatchalot/ui/SirMatchALotViewModel.access$getClipTitles$p (Lcom/hereliesaz/sirmatchalot/ui/SirMatchALotViewModel;)Ljava/util/HashMap;
    CHECKCAST java/util/Map
    ASTORE 21
    ALOAD 14
    INVOKEVIRTUAL com/hereliesaz/sirmatchalot/audio/SamplerPad.getLabel ()Ljava/lang/String;
    DUP
    IFNULL L49
    GOTO L50
   L49
    POP
    ALOAD 14
    INVOKEVIRTUAL com/hereliesaz/sirmatchalot/audio/SamplerPad.getIndex ()I
    ICONST_1
    IADD
    INVOKEDYNAMIC makeConcatWithConstants(I)Ljava/lang/String; [
      // handle kind 0x6 : INVOKESTATIC
      java/lang/invoke/StringConcatFactory.makeConcatWithConstants(Ljava/lang/invoke/MethodHandles$Lookup;Ljava/lang/String;Ljava/lang/invoke/MethodType;Ljava/lang/String;[Ljava/lang/Object;)Ljava/lang/invoke/CallSite;
      // arguments:
      "Pad \u0001"
    ]
   L50
    ASTORE 22
    ALOAD 21
    ALOAD 17
    ALOAD 22
    INVOKEINTERFACE java/util/Map.put (Ljava/lang/Object;Ljava/lang/Object;)Ljava/lang/Object; (itf)
    POP
    GOTO L51
   L51
    NOP
   L52
    LINENUMBER 1007 L52
    ALOAD 8
    INVOKESTATIC com/hereliesaz/sirmatchalot/ui/SirMatchALotViewModel.access$getPeaksCache$p (Lcom/hereliesaz/sirmatchalot/ui/SirMatchALotViewModel;)Ljava/util/Map;
    ALOAD 17
    GETSTATIC com/hereliesaz/sirmatchalot/dsp/PeakEnvelope.Companion : Lcom/hereliesaz/sirmatchalot/dsp/PeakEnvelope$Companion;
    ALOAD 16
    INVOKEVIRTUAL com/hereliesaz/sirmatchalot/audio/PcmBuffer.toMonoFloat ()[F
    ICONST_0
    ICONST_2
    ACONST_NULL
    INVOKESTATIC com/hereliesaz/sirmatchalot/dsp/PeakEnvelope$Companion.compute$default (Lcom/hereliesaz/sirmatchalot/dsp/PeakEnvelope$Companion;[FIILjava/lang/Object;)Lcom/hereliesaz/sirmatchalot/dsp/PeakEnvelope;
    INVOKEINTERFACE java/util/Map.put (Ljava/lang/Object;Ljava/lang/Object;)Ljava/lang/Object; (itf)
    POP
    GOTO L53
   L53
    LINENUMBER 1008 L53
    ALOAD 19
   L54
    LINENUMBER 1009 L54
    NEW com/hereliesaz/sirmatchalot/audio/Clip
    DUP
   L55
    LINENUMBER 1010 L55
    ALOAD 17
   L56
    LINENUMBER 1011 L56
    ALOAD 16
   L57
    LINENUMBER 1012 L57
    ILOAD 18
   L58
    LINENUMBER 1009 L58
    FCONST_0
   L59
    LINENUMBER 1013 L59
    ICONST_0
   L60
    LINENUMBER 1009 L60
    BIPUSH 8
    ACONST_NULL
    INVOKESPECIAL com/hereliesaz/sirmatchalot/audio/Clip.<init> (Ljava/lang/String;Lcom/hereliesaz/sirmatchalot/audio/PcmBuffer;IFZILkotlin/jvm/internal/DefaultConstructorMarker;)V
   L61
    LINENUMBER 1008 L61
    INVOKEVIRTUAL java/util/ArrayList.add (Ljava/lang/Object;)Z
    POP
   L62
    LINENUMBER 1016 L62
    ILOAD 18
    ALOAD 16
    INVOKEVIRTUAL com/hereliesaz/sirmatchalot/audio/PcmBuffer.getFrameCount ()I
    IADD
    ISTORE 18
   L63
    GOTO L38
   L39
   L64
    LINENUMBER 1018 L64
    ALOAD 19
    INVOKEVIRTUAL java/util/ArrayList.isEmpty ()Z
    IFEQ L65
    GETSTATIC kotlin/Unit.INSTANCE : Lkotlin/Unit;
   L66
   L67
    LINENUMBER 2679 L67
    ASTORE 28
   L4
   L68
    LINENUMBER 2679 L68
    ALOAD 2
    ALOAD 3
    INVOKEVIRTUAL com/hereliesaz/sirmatchalot/ui/BackgroundWork.end (Ljava/lang/String;)V
    ALOAD 28
   L69
    ARETURN
   L70
   L71
   L72
   L5
   L73
   L65
    LINENUMBER 1020 L65
    ALOAD 6
    ALOAD 6
    INVOKEVIRTUAL com/hereliesaz/sirmatchalot/audio/Deck.getClips ()Ljava/util/List;
    CHECKCAST java/lang/Iterable
    ASTORE 20
    ASTORE 23
   L74
    ICONST_0
    ISTORE 14
   L75
    LINENUMBER 2676 L75
    ALOAD 20
    ASTORE 15
    NEW java/util/ArrayList
    DUP
    INVOKESPECIAL java/util/ArrayList.<init> ()V
    CHECKCAST java/util/Collection
    ASTORE 16
   L76
    ICONST_0
    ISTORE 17
   L77
    LINENUMBER 2677 L77
    ALOAD 15
    INVOKEINTERFACE java/lang/Iterable.iterator ()Ljava/util/Iterator; (itf)
    ASTORE 21
   L78
    ALOAD 21
    INVOKEINTERFACE java/util/Iterator.hasNext ()Z (itf)
    IFEQ L79
    ALOAD 21
    INVOKEINTERFACE java/util/Iterator.next ()Ljava/lang/Object; (itf)
    ASTORE 22
   L80
    ALOAD 22
    CHECKCAST com/hereliesaz/sirmatchalot/audio/Clip
    ASTORE 24
   L81
    ICONST_0
    ISTORE 25
   L82
    LINENUMBER 1020 L82
    ALOAD 24
    INVOKEVIRTUAL com/hereliesaz/sirmatchalot/audio/Clip.getId ()Ljava/lang/String;
    LDC "pad:"
    ICONST_0
    ICONST_2
    ACONST_NULL
    INVOKESTATIC kotlin/text/StringsKt.startsWith$default (Ljava/lang/String;Ljava/lang/String;ZILjava/lang/Object;)Z
    GOTO L83
   L83
    INVOKESTATIC kotlin/coroutines/jvm/internal/Boxing.boxBoolean (Z)Ljava/lang/Boolean;
   L84
    LINENUMBER 2677 L84
    CHECKCAST java/lang/Boolean
    INVOKEVIRTUAL java/lang/Boolean.booleanValue ()Z
    IFNE L78
    ALOAD 16
    ALOAD 22
    INVOKEINTERFACE java/util/Collection.add (Ljava/lang/Object;)Z (itf)
    POP
   L85
    GOTO L78
   L79
    LINENUMBER 2678 L79
    ALOAD 16
   L86
    CHECKCAST java/util/List
   L87
    LINENUMBER 2676 L87
    GOTO L88
   L88
    ALOAD 23
    SWAP
    CHECKCAST java/util/Collection
   L89
    LINENUMBER 1020 L89
    ALOAD 19
    CHECKCAST java/lang/Iterable
    INVOKESTATIC kotlin/collections/CollectionsKt.plus (Ljava/util/Collection;Ljava/lang/Iterable;)Ljava/util/List;
    INVOKEVIRTUAL com/hereliesaz/sirmatchalot/audio/Deck.setClips (Ljava/util/List;)V
   L90
    LINENUMBER 1021 L90
    ALOAD 8
    INVOKESTATIC com/hereliesaz/sirmatchalot/ui/SirMatchALotViewModel.access$republishPlatter (Lcom/hereliesaz/sirmatchalot/ui/SirMatchALotViewModel;)V
   L91
    LINENUMBER 1022 L91
    ALOAD 8
    INVOKESTATIC com/hereliesaz/sirmatchalot/ui/SirMatchALotViewModel.access$get_feedbackMsg$p (Lcom/hereliesaz/sirmatchalot/ui/SirMatchALotViewModel;)Lkotlinx/coroutines/flow/MutableStateFlow;
    ALOAD 19
    INVOKEVIRTUAL java/util/ArrayList.size ()I
    ALOAD 8
    ALOAD 9
    INVOKESTATIC com/hereliesaz/sirmatchalot/ui/SirMatchALotViewModel.access$deckLabel (Lcom/hereliesaz/sirmatchalot/ui/SirMatchALotViewModel;Lcom/hereliesaz/sirmatchalot/ui/platter/PlatterGeometry$Deck;)Ljava/lang/String;
    INVOKEDYNAMIC makeConcatWithConstants(ILjava/lang/String;)Ljava/lang/String; [
      // handle kind 0x6 : INVOKESTATIC
      java/lang/invoke/StringConcatFactory.makeConcatWithConstants(Ljava/lang/invoke/MethodHandles$Lookup;Ljava/lang/String;Ljava/lang/invoke/MethodType;Ljava/lang/String;[Ljava/lang/Object;)Ljava/lang/invoke/CallSite;
      // arguments:
      "Placed \u0001 loops on Deck \u0001"
    ]
    INVOKEINTERFACE kotlinx/coroutines/flow/MutableStateFlow.setValue (Ljava/lang/Object;)V (itf)
   L92
    LINENUMBER 1023 L92
    GETSTATIC kotlin/Unit.INSTANCE : Lkotlin/Unit;
    NOP
    GOTO L93
   L94
   L95
   L93
   L96
    LINENUMBER 2674 L96
    ICONST_1
    INVOKESTATIC kotlin/jvm/internal/InlineMarker.mark (I)V
   L1
    NOP
   L3
    ASTORE 26
   L6
   L97
    LINENUMBER 2679 L97
    ALOAD 2
    ALOAD 3
    INVOKEVIRTUAL com/hereliesaz/sirmatchalot/ui/BackgroundWork.end (Ljava/lang/String;)V
   L98
    LINENUMBER 2680 L98
    GOTO L99
   L2
    LINENUMBER 2679 L2
    ASTORE 27
   L7
    ALOAD 2
    ALOAD 3
    INVOKEVIRTUAL com/hereliesaz/sirmatchalot/ui/BackgroundWork.end (Ljava/lang/String;)V
    ALOAD 27
    ATHROW
   L99
    ALOAD 26
   L100
    LINENUMBER 2673 L100
    NOP
    GOTO L101
   L102
   L103
   L101
    POP
   L104
    LINENUMBER 1024 L104
    NOP
    GETSTATIC kotlin/Unit.INSTANCE : Lkotlin/Unit;
    ARETURN
   L105
    LOCALVARIABLE $i$a$-maxOfOrNull-SirMatchALotViewModel$placePadsOnDeck$1$1$cursor$1\3\996\2 I L23 L24 16
    LOCALVARIABLE it\3 Lcom/hereliesaz/sirmatchalot/audio/Clip; L22 L24 15
    LOCALVARIABLE $i$a$-maxOfOrNull-SirMatchALotViewModel$placePadsOnDeck$1$1$cursor$1\4\996\2 I L30 L31 17
    LOCALVARIABLE it\4 Lcom/hereliesaz/sirmatchalot/audio/Clip; L29 L31 16
    LOCALVARIABLE buffer\2 Lcom/hereliesaz/sirmatchalot/audio/PcmBuffer; L43 L63 15
    LOCALVARIABLE playable\2 Lcom/hereliesaz/sirmatchalot/audio/PcmBuffer; L47 L63 16
    LOCALVARIABLE id\2 Ljava/lang/String; L48 L63 17
    LOCALVARIABLE pad\2 Lcom/hereliesaz/sirmatchalot/audio/SamplerPad; L40 L63 14
    LOCALVARIABLE $i$a$-filterNot-SirMatchALotViewModel$placePadsOnDeck$1$1$1\7\2677\2 I L82 L83 25
    LOCALVARIABLE it\7 Lcom/hereliesaz/sirmatchalot/audio/Clip; L81 L83 24
    LOCALVARIABLE element\6 Ljava/lang/Object; L80 L85 22
    LOCALVARIABLE $i$f$filterNotTo\6\2676 I L77 L86 17
    LOCALVARIABLE $this$filterNotTo\6 Ljava/lang/Iterable; L76 L86 15
    LOCALVARIABLE destination\6 Ljava/util/Collection; L76 L86 16
    LOCALVARIABLE $i$f$filterNot\5\1020 I L75 L88 14
    LOCALVARIABLE $this$filterNot\5 Ljava/lang/Iterable; L74 L88 20
    LOCALVARIABLE $i$a$-track$default-SirMatchALotViewModel$placePadsOnDeck$1$1\2\2674\0 I L18 L66 13
    LOCALVARIABLE cursor\2 I L36 L66 18
    LOCALVARIABLE added\2 Ljava/util/ArrayList; L37 L66 19
    LOCALVARIABLE it\2 Lcom/hereliesaz/sirmatchalot/ui/BackgroundWork$Handle; L17 L66 12
    LOCALVARIABLE $completion\2 Lkotlin/coroutines/Continuation; L17 L66 11
    LOCALVARIABLE $i$f$track\1\995 I L13 L66 10
    LOCALVARIABLE $this\1 Lcom/hereliesaz/sirmatchalot/ui/BackgroundWork; L10 L66 2
    LOCALVARIABLE id\1 Ljava/lang/String; L10 L66 3
    LOCALVARIABLE label\1 Ljava/lang/String; L10 L66 4
    LOCALVARIABLE detail\1 Ljava/lang/String; L12 L66 5
    LOCALVARIABLE $i$f$track\1\995 I L72 L103 10
    LOCALVARIABLE $this\1 Lcom/hereliesaz/sirmatchalot/ui/BackgroundWork; L72 L103 2
    LOCALVARIABLE id\1 Ljava/lang/String; L72 L103 3
    LOCALVARIABLE label\1 Ljava/lang/String; L72 L103 4
    LOCALVARIABLE detail\1 Ljava/lang/String; L72 L103 5
    LOCALVARIABLE $i$a$-track$default-SirMatchALotViewModel$placePadsOnDeck$1$1\2\2674\0 I L72 L95 13
    LOCALVARIABLE cursor\2 I L72 L95 18
    LOCALVARIABLE added\2 Ljava/util/ArrayList; L72 L95 19
    LOCALVARIABLE it\2 Lcom/hereliesaz/sirmatchalot/ui/BackgroundWork$Handle; L72 L95 12
    LOCALVARIABLE $completion\2 Lkotlin/coroutines/Continuation; L72 L95 11
    LOCALVARIABLE $i$f$track\1\995 I L4 L69 10
    LOCALVARIABLE $this\1 Lcom/hereliesaz/sirmatchalot/ui/BackgroundWork; L4 L69 2
    LOCALVARIABLE id\1 Ljava/lang/String; L4 L69 3
    LOCALVARIABLE label\1 Ljava/lang/String; L4 L69 4
    LOCALVARIABLE detail\1 Ljava/lang/String; L4 L69 5
    LOCALVARIABLE this Lcom/hereliesaz/sirmatchalot/ui/SirMatchALotViewModel$placePadsOnDeck$1; L8 L105 0
    LOCALVARIABLE $result Ljava/lang/Object; L8 L105 1
    MAXSTACK = 10
    MAXLOCALS = 29

File is unknown
The root cause java.lang.NullPointerException was thrown at: org.jetbrains.kotlin.codegen.optimization.common.FastAnalyzer.computeExceptionHandlersForEachInsn(FastAnalyzer.kt:164)
	at org.jetbrains.kotlin.codegen.TransformationMethodVisitor.visitEnd(TransformationMethodVisitor.kt:89)
	at org.jetbrains.org.objectweb.asm.tree.MethodNode.accept(MethodNode.java:770)
	at org.jetbrains.kotlin.backend.jvm.codegen.CoroutineCodegenKt.acceptWithStateMachine(CoroutineCodegen.kt:68)
	at org.jetbrains.kotlin.backend.jvm.codegen.ClassCodegen.generateMethod(ClassCodegen.kt:457)
	at org.jetbrains.kotlin.backend.jvm.codegen.ClassCodegen.generate(ClassCodegen.kt:168)
	at org.jetbrains.kotlin.backend.jvm.codegen.ExpressionCodegen.visitClass(ExpressionCodegen.kt:952)
	at org.jetbrains.kotlin.backend.jvm.codegen.ExpressionCodegen.visitClass(ExpressionCodegen.kt:141)
	at org.jetbrains.kotlin.ir.declarations.IrClass.accept(IrClass.kt:72)
	at org.jetbrains.kotlin.backend.jvm.codegen.ExpressionCodegen.visitStatementContainer(ExpressionCodegen.kt:492)
	at org.jetbrains.kotlin.backend.jvm.codegen.ExpressionCodegen.visitContainerExpression(ExpressionCodegen.kt:506)
	at org.jetbrains.kotlin.backend.jvm.codegen.ExpressionCodegen.visitContainerExpression(ExpressionCodegen.kt:141)
	at org.jetbrains.kotlin.ir.visitors.IrVisitor.visitBlock(IrVisitor.kt:125)
	at org.jetbrains.kotlin.backend.jvm.codegen.ExpressionCodegen.visitBlock(ExpressionCodegen.kt:430)
	at org.jetbrains.kotlin.backend.jvm.codegen.ExpressionCodegen.visitBlock(ExpressionCodegen.kt:141)
	at org.jetbrains.kotlin.ir.expressions.IrBlock.accept(IrBlock.kt:18)
	at org.jetbrains.kotlin.backend.jvm.codegen.ExpressionCodegen.gen(ExpressionCodegen.kt:215)
	at org.jetbrains.kotlin.backend.jvm.codegen.IrCallGenerator.genValueAndPut(IrCallGenerator.kt:48)
	at org.jetbrains.kotlin.backend.jvm.codegen.ExpressionCodegen.visitCall$handleParameter(ExpressionCodegen.kt:535)
	at org.jetbrains.kotlin.backend.jvm.codegen.ExpressionCodegen.visitCall(ExpressionCodegen.kt:548)
	at org.jetbrains.kotlin.backend.jvm.codegen.ExpressionCodegen.visitCall(ExpressionCodegen.kt:141)
	at org.jetbrains.kotlin.ir.expressions.IrCall.accept(IrCall.kt:24)
	at org.jetbrains.kotlin.backend.jvm.codegen.ExpressionCodegen.visitStatementContainer(ExpressionCodegen.kt:492)
	at org.jetbrains.kotlin.backend.jvm.codegen.ExpressionCodegen.visitContainerExpression(ExpressionCodegen.kt:506)
	at org.jetbrains.kotlin.backend.jvm.codegen.ExpressionCodegen.visitContainerExpression(ExpressionCodegen.kt:141)
	at org.jetbrains.kotlin.ir.visitors.IrVisitor.visitComposite(IrVisitor.kt:128)
	at org.jetbrains.kotlin.ir.expressions.IrComposite.accept(IrComposite.kt:18)
	at org.jetbrains.kotlin.backend.jvm.codegen.ExpressionCodegen.visitStatementContainer(ExpressionCodegen.kt:492)
	at org.jetbrains.kotlin.backend.jvm.codegen.ExpressionCodegen.visitBlockBody(ExpressionCodegen.kt:497)
	at org.jetbrains.kotlin.backend.jvm.codegen.ExpressionCodegen.visitBlockBody(ExpressionCodegen.kt:141)
	at org.jetbrains.kotlin.ir.expressions.IrBlockBody.accept(IrBlockBody.kt:20)
	at org.jetbrains.kotlin.backend.jvm.codegen.ExpressionCodegen.generate(ExpressionCodegen.kt:234)
	at org.jetbrains.kotlin.backend.jvm.codegen.FunctionCodegen.doGenerate(FunctionCodegen.kt:134)
	at org.jetbrains.kotlin.backend.jvm.codegen.FunctionCodegen.generate(FunctionCodegen.kt:58)
	... 42 more
Caused by: java.lang.NullPointerException: getNext(...) must not be null
	at org.jetbrains.kotlin.codegen.optimization.common.FastAnalyzer.computeExceptionHandlersForEachInsn(FastAnalyzer.kt:164)
	at org.jetbrains.kotlin.codegen.optimization.common.FastAnalyzer.computeExceptionHandlers(FastAnalyzer.kt:146)
	at org.jetbrains.kotlin.codegen.optimization.common.FastAnalyzer.analyze(FastAnalyzer.kt:45)
	at org.jetbrains.kotlin.codegen.coroutines.UninitializedStoresProcessor.run(processUninitializedStores.kt:92)
	at org.jetbrains.kotlin.codegen.coroutines.CoroutineTransformerMethodVisitor.performTransformations(CoroutineTransformerMethodVisitor.kt:149)
	at org.jetbrains.kotlin.codegen.TransformationMethodVisitor.visitEnd(TransformationMethodVisitor.kt:67)
	... 74 more


